,MOV,carm_elo1_pre_538,carm_elo2_pre_538,carmelo1_pre_538,carmelo2_pre_538,date,elo1_post,elo1_pre,elo1_pre_538,elo2_post,elo2_pre,elo2_pre_538,score1,score2,season,team1,team2
0,-6.0,,,,,2009-10-27,1544.8917964897914,1555.3749481462123,1682.4541,1571.9965023578204,1561.5133507013995,1616.2,89.0,95.0,2010,CLE,BOS
1,9.0,,,,,2009-10-27,1569.359994733255,1558.278681064482,1600.8452,1639.5617590595643,1650.6430727283373,1624.1465,96.0,87.0,2010,POR,HOU
2,7.0,,,,,2009-10-27,1497.784993821908,1490.6508097945973,1718.7451,1503.6197753444858,1510.7539593717966,1317.8915,99.0,92.0,2010,LAL,LAC
3,-11.0,,,,,2009-10-27,1394.7732862035498,1405.82723668889,1586.4293,1515.2997494408612,1504.245798955521,1361.4187,91.0,102.0,2010,DAL,WAS
4,33.0,,,,,2009-10-28,1584.7244237648147,1571.9965023578204,1629.0884,1483.861972935457,1496.5898943424513,1471.9324,92.0,59.0,2010,BOS,CHO
5,14.0,,,,,2009-10-28,1407.7381886031774,1385.561056126558,1631.2083,1579.6746836247332,1601.8518161013526,1483.4128,120.0,106.0,2010,ORL,PHI
6,-1.0,,,,,2009-10-28,1663.7865287813684,1669.8521424153244,1438.9868,1645.6273726935203,1639.5617590595643,1616.9677,107.0,108.0,2010,GSW,HOU
7,22.0,,,,,2009-10-28,1510.169756511159,1501.1989476549184,1508.1066,1405.2179094192732,1414.1887182755138,1425.277,115.0,93.0,2010,MIA,NYK
8,9.0,,,,,2009-10-28,1567.9937503240842,1558.2608338057812,1622.6371,1607.8738749373415,1617.6067914556445,1536.1366,114.0,105.0,2010,DEN,UTA
9,2.0,,,,,2009-10-28,1541.4640283418232,1538.586495708474,1370.8923,1479.0934243914592,1481.9709570248083,1453.6141,95.0,93.0,2010,MIN,NJN
10,11.0,,,,,2009-10-28,1406.200347254458,1390.143535750332,1505.2119,1536.294567200482,1552.3513787046081,1495.6294,120.0,109.0,2010,ATL,IND
11,-2.0,,,,,2009-10-28,1493.7311835984185,1503.6197753444858,1317.2549,1346.8916865885867,1337.0030948425194,1531.6075,107.0,109.0,2010,LAC,PHO
12,10.0,,,,,2009-10-28,1589.7175447510408,1582.9618737159246,1453.2251,1538.1361254546753,1544.8917964897914,1669.5657,101.0,91.0,2010,TOR,CLE
13,-22.0,,,,,2009-10-28,1355.9746901367992,1372.3794619545497,1410.3574,1505.9752161143513,1489.5704442966007,1473.5449,74.0,96.0,2010,MEM,DET
14,17.0,,,,,2009-10-28,1554.5133295073767,1542.0380011928353,1572.6216,1550.6656307425544,1563.1409590570959,1484.3794,113.0,96.0,2010,SAS,NOP
15,13.0,,,,,2009-10-28,1581.472044049632,1577.614503624413,1401.5803,1394.5372959726433,1398.3948363978623,1340.2896,102.0,89.0,2010,OKC,SAC
16,-3.0,,,,,2009-10-29,1561.6147736233136,1569.359994733255,1608.024,1575.7389714340256,1567.9937503240842,1626.9521,94.0,97.0,2010,POR,DEN
17,7.0,,,,,2009-10-29,1387.5833898978187,1374.5948858081606,1520.4137,1541.5248254177186,1554.5133295073767,1579.0587,92.0,85.0,2010,CHI,SAS
18,-10.0,,,,,2009-10-30,1461.8101888899891,1479.0934243914592,1449.085,1425.0214241046474,1407.7381886031774,1635.3656,85.0,95.0,2010,NJN,ORL
19,5.0,,,,,2009-10-30,1553.1781010556567,1550.6656307425544,1477.9423,1392.024825659541,1394.5372959726433,1334.142,97.0,92.0,2010,NOP,SAC
20,2.0,,,,,2009-10-30,1486.4435487879603,1483.861972935457,1464.7241,1402.63633356677,1405.2179094192732,1417.3716,102.0,100.0,2010,CHO,NYK
21,-13.0,,,,,2009-10-30,1518.1112219092843,1536.294567200482,1488.5968,1528.3531018023568,1510.169756511159,1516.0120000000002,83.0,96.0,2010,IND,MIA
22,-14.0,,,,,2009-10-30,1474.7300715266524,1497.784993821908,1719.3817,1417.8282084988055,1394.7732862035498,1560.6396,80.0,94.0,2010,LAL,DAL
23,13.0,,,,,2009-10-30,1613.3375075564566,1607.8738749373415,1531.8215,1488.2675509793035,1493.7311835984185,1314.2346,111.0,98.0,2010,UTA,LAC
24,13.0,,,,,2009-10-30,1586.7318246719424,1579.6746836247332,1479.2555,1509.156156918885,1516.2132979660942,1452.5237,99.0,86.0,2010,PHI,MIL
25,11.0,,,,,2009-10-30,1419.5462345874325,1406.200347254458,1512.2445,1501.9538621078866,1515.2997494408612,1387.2084,100.0,89.0,2010,ATL,WAS
26,22.0,,,,,2009-10-30,1386.1893664830352,1346.8916865885867,1534.6278,1624.4888488869199,1663.7865287813684,1436.0221,123.0,101.0,2010,PHO,GSW
27,-17.0,,,,,2009-10-30,1521.0574782934307,1541.4640283418232,1375.4215,1558.5426755030678,1538.1361254546753,1654.4287,87.0,104.0,2010,MIN,CLE
28,8.0,,,,,2009-10-30,1372.4314425002437,1355.9746901367992,1390.4115,1573.2607923875962,1589.7175447510408,1468.3621,115.0,107.0,2010,MEM,TOR
29,-8.0,,,,,2009-10-30,1496.095311334525,1505.9752161143513,1493.4908,1591.3519488294583,1581.472044049632,1407.7279,83.0,91.0,2010,DET,OKC
30,28.0,,,,,2009-10-30,1590.65442636904,1584.7244237648147,1636.2966,1381.6533872935934,1387.5833898978187,1527.5923,118.0,90.0,2010,BOS,CHI
31,11.0,,,,,2009-10-31,1517.2103032681305,1509.156156918885,1445.2859,1488.0411649852795,1496.095311334525,1477.6125,96.0,85.0,2010,MIL,DET
32,4.0,,,,,2009-10-31,1648.916721088539,1645.6273726935203,1619.9324,1558.325425228295,1561.6147736233136,1600.6754,111.0,107.0,2010,HOU,POR
33,19.0,,,,,2009-10-31,1512.143897817998,1501.9538621078866,1383.1970000000001,1451.6201531798777,1461.8101888899891,1441.7399,123.0,104.0,2010,WAS,NJN
34,11.0,,,,,2009-10-31,1564.6205013166518,1558.5426755030678,1661.1681,1480.3657229743762,1486.4435487879603,1467.3158,90.0,79.0,2010,CLE,CHO
35,-14.0,,,,,2009-10-31,1393.4206054755705,1402.63633356677,1414.7799,1595.9475527631419,1586.7318246719424,1486.4933,127.0,141.0,2010,NYK,PHI
36,-9.0,,,,,2009-10-31,1472.0921567535966,1488.2675509793035,1311.5291,1434.0036027245123,1417.8282084988055,1587.1086,84.0,93.0,2010,LAC,DAL
37,19.0,,,,,2009-10-31,1547.373466099708,1541.5248254177186,1571.8801,1386.1761849775517,1392.024825659541,1331.8186,113.0,94.0,2010,SAS,SAC
38,10.0,,,,,2009-11-01,1597.4291365211518,1590.65442636904,1644.5387,1546.403390903545,1553.1781010556567,1480.2656,97.0,87.0,2010,BOS,NOP
39,10.0,,,,,2009-11-01,1578.5977621753427,1575.7389714340256,1634.3008,1369.5726517589267,1372.4314425002437,1398.7679,133.0,123.0,2010,DEN,MEM
40,8.0,,,,,2009-11-01,1480.174813600109,1474.7300715266524,1692.9127,1414.101492513976,1419.5462345874325,1516.2559,118.0,110.0,2010,LAL,ATL
41,-9.0,,,,,2009-11-01,1554.0524380372312,1573.2607923875962,1460.0056,1444.2297784550124,1425.0214241046474,1642.7107,116.0,125.0,2010,TOR,ORL
42,8.0,,,,,2009-11-01,1398.2579737633569,1386.1893664830352,1541.9324,1508.988871013109,1521.0574782934307,1368.6821,120.0,112.0,2010,PHO,MIN
43,-9.0,,,,,2009-11-01,1576.6379783960904,1591.3519488294583,1423.6062,1573.0393956616629,1558.325425228295,1596.8093,74.0,83.0,2010,OKC,POR
44,8.0,,,,,2009-11-01,1531.7630492899464,1528.3531018023568,1531.6989,1378.2434398060038,1381.6533872935934,1519.3502,95.0,87.0,2010,MIA,CHI
45,11.0,,,,,2009-11-02,1487.855946903394,1480.3657229743762,1464.5417,1444.12992925086,1451.6201531798777,1428.2565,79.0,68.0,2010,CHO,NJN
46,11.0,,,,,2009-11-02,1394.1005081276796,1386.1761849775517,1328.7433,1361.6483286087987,1369.5726517589267,1396.6967,127.0,116.0,2010,SAC,MEM
47,-17.0,,,,,2009-11-02,1595.169991331801,1613.3375075564566,1534.5271,1667.0842373131945,1648.916721088539,1623.7985,96.0,113.0,2010,UTA,HOU
48,3.0,,,,,2009-11-02,1477.18649083665,1472.0921567535966,1306.9741,1503.8945369300557,1508.988871013109,1366.1222,93.0,90.0,2010,LAC,MIN
49,6.0,,,,,2009-11-02,1404.3562956158078,1393.4206054755705,1400.5514,1535.4677007633077,1546.403390903545,1477.1942,117.0,111.0,2010,NYK,NOP
50,-18.0,,,,,2009-11-03,1500.677119146566,1518.1112219092843,1472.9099,1596.031864938061,1578.5977621753427,1636.3721,93.0,111.0,2010,IND,DEN
51,-3.0,,,,,2009-11-03,1566.7634772466708,1576.6379783960904,1416.3201,1490.0493147495285,1480.174813600109,1695.4258,98.0,101.0,2010,OKC,LAL
52,11.0,,,,,2009-11-03,1450.0054689149363,1434.0036027245123,1591.6636,1579.168125141377,1595.169991331801,1519.2968,96.0,85.0,2010,DAL,UTA
53,-8.0,,,,,2009-11-03,1514.3801090628397,1531.7630492899464,1537.4258,1415.6409139904636,1398.2579737633569,1544.4923,96.0,104.0,2010,MIA,PHO
54,2.0,,,,,2009-11-03,1384.758213251372,1378.2434398060038,1513.6233,1510.6955298227624,1517.2103032681305,1453.7224,83.0,81.0,2010,CHI,MIL
55,-31.0,,,,,2009-11-03,1565.1764238332642,1595.9475527631419,1500.7218,1628.2002654510295,1597.4291365211518,1647.6101,74.0,105.0,2010,PHI,BOS
56,12.0,,,,,2009-11-03,1571.6906652338089,1564.6205013166518,1663.9421,1505.073733900841,1512.143897817998,1396.6804,102.0,90.0,2010,CLE,WAS
57,-6.0,,,,,2009-11-03,1557.4503657358532,1573.0393956616629,1604.0955,1429.6905224397856,1414.101492513976,1513.7428,91.0,97.0,2010,POR,ATL
58,5.0,,,,,2009-11-03,1492.4989210953067,1488.0411649852795,1469.1760000000002,1439.772022344985,1444.2297784550124,1649.7073,85.0,80.0,2010,DET,ORL
59,-1.0,,,,,2009-11-04,1658.6448999585075,1667.0842373131945,1639.0288,1498.4886521042156,1490.0493147495285,1697.9968,102.0,103.0,2010,HOU,LAL
60,-2.0,,,,,2009-11-04,1499.4878100762464,1503.8945369300557,1361.3422,1632.6069923048387,1628.2002654510295,1666.2987,90.0,92.0,2010,MIN,BOS
61,-4.0,,,,,2009-11-04,1496.5789934909287,1505.073733900841,1394.7426,1522.874849472752,1514.3801090628397,1525.0544,89.0,93.0,2010,WAS,MIA
62,7.0,,,,,2009-11-04,1539.8114607155512,1535.4677007633077,1470.1129,1445.6617089626927,1450.0054689149363,1596.8983,114.0,107.0,2010,NOP,DAL
63,22.0,,,,,2009-11-04,1451.942105842333,1439.772022344985,1640.4724,1403.4708304931157,1415.6409139904636,1556.8636,122.0,100.0,2010,ORL,PHO
64,-8.0,,,,,2009-11-04,1382.8396617589149,1394.1005081276796,1338.4919,1440.9513688085503,1429.6905224397856,1527.4158,105.0,113.0,2010,SAC,ATL
65,-28.0,,,,,2009-11-04,1427.103097461625,1444.12992925086,1422.0342,1613.058696727296,1596.031864938061,1648.2482,94.0,122.0,2010,NJN,DEN
66,8.0,,,,,2009-11-04,1626.271262782107,1624.4888488869199,1428.7175,1359.8659147136116,1361.6483286087987,1386.9479999999999,113.0,105.0,2010,GSW,MEM
67,-12.0,,,,,2009-11-04,1392.5865635811178,1404.3562956158078,1407.6327,1512.4468511812559,1500.677119146566,1461.0338,89.0,101.0,2010,NYK,IND
68,11.0,,,,,2009-11-04,1560.4540895650448,1554.0524380372312,1453.009,1486.0972695674932,1492.4989210953067,1478.4109,110.0,99.0,2010,TOR,DET
69,14.0,,,,,2009-11-05,1587.7927494358803,1579.168125141377,1514.0620000000001,1538.7488418052046,1547.373466099708,1574.9554,113.0,99.0,2010,UTA,SAS
70,-1.0,,,,,2009-11-05,1563.0924130778924,1571.6906652338089,1665.88,1393.3564654072884,1384.758213251372,1516.0639999999999,85.0,86.0,2010,CLE,CHI
71,-17.0,,,,,2009-11-06,1520.7904649098416,1539.8114607155512,1479.3713,1579.4750853707544,1560.4540895650448,1461.2029,90.0,107.0,2010,NOP,TOR
72,12.0,,,,,2009-11-06,1565.7438285990531,1557.4503657358532,1590.4225,1530.4553789420047,1538.7488418052046,1563.8818,96.0,84.0,2010,POR,SAS
73,16.0,,,,,2009-11-06,1504.0010814483637,1498.4886521042156,1702.6672,1354.3534853694634,1359.8659147136116,1381.9478,114.0,98.0,2010,LAL,MEM
74,20.0,,,,,2009-11-06,1498.079306116153,1487.855946903394,1470.764,1430.7280095957913,1440.9513688085503,1533.7688,103.0,83.0,2010,CHO,ATL
75,8.0,,,,,2009-11-06,1533.125442752059,1522.874849472752,1530.6918,1602.808103447989,1613.058696727296,1660.5632,96.0,88.0,2010,MIA,DEN
76,7.0,,,,,2009-11-06,1459.5196830632956,1451.942105842333,1648.3473,1478.5196923465305,1486.0972695674932,1470.217,110.0,103.0,2010,ORL,DET
77,16.0,,,,,2009-11-06,1522.5983744261844,1512.4468511812559,1474.7321,1486.4274702460002,1496.5789934909287,1389.1052,102.0,86.0,2010,IND,WAS
78,11.0,,,,,2009-11-06,1664.1490167208724,1658.6448999585075,1634.3584,1561.259360484306,1566.7634772466708,1413.749,105.0,94.0,2010,HOU,OKC
79,-28.0,,,,,2009-11-06,1585.1586063711768,1626.271262782107,1433.7178,1518.29914724758,1477.18649083665,1311.7542,90.0,118.0,2010,GSW,LAC
80,-9.0,,,,,2009-11-06,1385.2014795594182,1392.5865635811178,1393.9344,1570.477497099592,1563.0924130778924,1657.7153,91.0,100.0,2010,NYK,CLE
81,3.0,,,,,2009-11-06,1567.3749350978267,1565.1764238332642,1482.0332,1424.9045861970626,1427.103097461625,1409.7191,97.0,94.0,2010,PHI,NJN
82,-7.0,,,,,2009-11-06,1613.3009902427718,1632.6069923048387,1668.2505,1422.7768325551826,1403.4708304931157,1548.9888,103.0,110.0,2010,BOS,PHO
83,-15.0,,,,,2009-11-06,1481.5049657737,1499.4878100762464,1359.3904,1528.678374125309,1510.6955298227624,1451.2817,72.0,87.0,2010,MIN,MIL
84,3.0,,,,,2009-11-07,1400.0236324859618,1393.3564654072884,1524.2286,1491.4121390374796,1498.079306116153,1484.9857,93.0,90.0,2010,CHI,CHO
85,15.0,,,,,2009-11-07,1533.8227401330287,1528.678374125309,1465.1493,1380.0571135516984,1385.2014795594182,1389.1093,102.0,87.0,2010,MIL,NYK
86,25.0,,,,,2009-11-07,1459.596735523148,1430.7280095957913,1519.5471,1573.9393775206322,1602.808103447989,1650.4639,125.0,100.0,2010,ATL,DEN
87,28.0,,,,,2009-11-07,1473.2061050557825,1445.6617089626927,1587.6399,1551.9306892776647,1579.4750853707544,1482.6788,129.0,101.0,2010,DAL,TOR
88,-5.0,,,,,2009-11-07,1572.3188804498539,1587.7927494358803,1525.1356,1398.3135307449413,1382.8396617589149,1332.1389,99.0,104.0,2010,UTA,SAC
89,3.0,,,,,2009-11-07,1520.212404166387,1518.29914724758,1351.3091,1352.4402284506566,1354.3534853694634,1380.2328,113.0,110.0,2010,LAC,MEM
90,-10.0,,,,,2009-11-07,1417.6042853868212,1424.9045861970626,1407.0607,1620.6012910530133,1613.3009902427718,1652.3470000000002,76.0,86.0,2010,NJN,BOS
91,16.0,,,,,2009-11-08,1515.7522645212405,1504.0010814483637,1704.3822,1509.0392818369648,1520.7904649098416,1457.8954,104.0,88.0,2010,LAL,NOP
92,13.0,,,,,2009-11-08,1417.64633589578,1398.3135307449413,1347.6509,1565.825801220338,1585.1586063711768,1394.1628,120.0,107.0,2010,SAC,GSW
93,7.0,,,,,2009-11-08,1487.9695834474219,1478.5196923465305,1467.9071,1557.9250439969353,1567.3749350978267,1484.6917,88.0,81.0,2010,DET,PHI
94,-12.0,,,,,2009-11-08,1467.4080729776833,1486.4274702460002,1382.8458,1441.7962298234995,1422.7768325551826,1564.8922,90.0,102.0,2010,WAS,PHO
95,23.0,,,,,2009-11-08,1575.130602681745,1565.7438285990531,1597.3021,1472.1181916910082,1481.5049657737,1345.5228,116.0,93.0,2010,POR,MIN
96,28.0,,,,,2009-11-08,1571.1461319797706,1561.259360484306,1411.3584,1449.632911567831,1459.5196830632956,1650.6572,102.0,74.0,2010,OKC,ORL
97,-4.0,,,,,2009-11-09,1546.2560744497953,1557.9250439969353,1478.6578,1453.4651993706395,1441.7962298234995,1573.28,115.0,119.0,2010,PHI,PHO
98,7.0,,,,,2009-11-09,1537.632143763199,1530.4553789420047,1557.0022,1544.7539244564703,1551.9306892776647,1474.2778,131.0,124.0,2010,SAS,TOR
99,-28.0,,,,,2009-11-09,1490.5880673433792,1520.212404166387,1355.5316,1538.6636186599726,1509.0392818369648,1455.2585,84.0,112.0,2010,LAC,NOP
100,-2.0,,,,,2009-11-09,1376.7809744544652,1380.0571135516984,1382.8234,1575.595019547087,1572.3188804498539,1509.6237,93.0,95.0,2010,NYK,UTA
101,41.0,,,,,2009-11-09,1579.1840377693982,1565.825801220338,1384.2076,1458.759955141948,1472.1181916910082,1342.2346,146.0,105.0,2010,GSW,MIN
102,-12.0,,,,,2009-11-10,1473.7743037490534,1491.4121390374796,1481.87,1467.2707468562571,1449.632911567831,1618.3384,81.0,93.0,2010,CHO,ORL
103,3.0,,,,,2009-11-10,1425.4079489528222,1417.64633589578,1357.6061,1563.3845189227286,1571.1461319797706,1443.6772,101.0,98.0,2010,SAC,OKC
104,18.0,,,,,2009-11-10,1497.0576866919555,1473.2061050557825,1596.0409,1640.2974350846994,1664.1490167208724,1636.749,121.0,103.0,2010,DAL,HOU
105,-1.0,,,,,2009-11-10,1397.0607970159824,1400.0236324859618,1527.3444,1576.9022129906116,1573.9393775206322,1629.0610000000001,89.0,90.0,2010,CHI,DEN
106,-14.0,,,,,2009-11-10,1344.81865859763,1352.4402284506566,1376.0103,1582.7521725347715,1575.130602681745,1600.5903,79.0,93.0,2010,MEM,POR
107,14.0,,,,,2009-11-10,1540.305180134251,1533.125442752059,1540.7911,1460.2283355954912,1467.4080729776833,1374.4579999999999,90.0,76.0,2010,MIA,WAS
108,-13.0,,,,,2009-11-11,1364.0409941236305,1376.7809744544652,1378.4572,1472.3367158539827,1459.596735523148,1540.95,101.0,114.0,2010,NYK,ATL
109,-23.0,,,,,2009-11-11,1442.5917038483321,1458.759955141948,1327.0913,1598.9204238283874,1582.7521725347715,1608.2634,84.0,107.0,2010,MIN,POR
110,14.0,,,,,2009-11-11,1535.0610638885512,1522.5983744261844,1480.9915,1566.7213483070313,1579.1840377693982,1399.351,108.0,94.0,2010,IND,GSW
111,23.0,,,,,2009-11-11,1500.8540367852918,1487.9695834474219,1473.9409,1460.8898504111835,1473.7743037490534,1471.7461,98.0,75.0,2010,DET,CHO
112,-4.0,,,,,2009-11-11,1483.7811018506131,1490.5880673433792,1334.7124,1570.1914844154946,1563.3845189227286,1438.3698,79.0,83.0,2010,LAC,OKC
113,6.0,,,,,2009-11-11,1540.9096323255123,1533.8227401330287,1471.4352,1569.815320798128,1576.9022129906116,1633.0775,108.0,102.0,2010,MIL,DEN
114,20.0,,,,,2009-11-11,1471.2450428262644,1453.4651993706395,1579.73,1520.8837752043478,1538.6636186599726,1476.0778,124.0,104.0,2010,PHO,NOP
115,9.0,,,,,2009-11-11,1543.7686154837336,1537.632143763199,1560.8024,1490.921214971421,1497.0576866919555,1608.124,92.0,83.0,2010,SAS,DAL
116,25.0,,,,,2009-11-11,1643.3471380471124,1640.2974350846994,1624.6659,1341.768955635217,1344.81865859763,1368.3372,104.0,79.0,2010,HOU,MEM
117,-9.0,,,,,2009-11-11,1457.8594929273695,1467.2707468562571,1628.4623,1579.8887510284796,1570.477497099592,1662.5405,93.0,102.0,2010,ORL,CLE
118,19.0,,,,,2009-11-11,1630.3585237296547,1620.6012910530133,1657.9681,1565.8377868704456,1575.595019547087,1513.9899,105.0,86.0,2010,BOS,UTA
119,-3.0,,,,,2009-11-11,1412.6898890948924,1417.6042853868212,1401.4396,1551.170470741724,1546.2560744497953,1472.2079,79.0,82.0,2010,NJN,PHI
120,10.0,,,,,2009-11-11,1548.5532304557648,1544.7539244564703,1470.4777,1393.2614910166878,1397.0607970159824,1523.3279,99.0,89.0,2010,TOR,CHI
121,19.0,,,,,2009-11-12,1525.532824294285,1515.7522645212405,1707.019,1461.4644830532197,1471.2450428262644,1586.3906,121.0,102.0,2010,LAL,PHO
122,-7.0,,,,,2009-11-12,1530.2072762467778,1540.305180134251,1544.5558,1589.9866549159528,1579.8887510284796,1674.7429,104.0,111.0,2010,MIA,CLE
123,-11.0,,,,,2009-11-13,1608.6431577025035,1630.3585237296547,1663.1823,1494.052081881134,1472.3367158539827,1550.5427,86.0,97.0,2010,BOS,ATL
124,9.0,,,,,2009-11-13,1441.935235800318,1425.4079489528222,1362.9136,1626.8198511996166,1643.3471380471124,1628.0654,109.0,100.0,2010,SAC,HOU
125,26.0,,,,,2009-11-13,1582.0279938049791,1569.815320798128,1623.5155,1513.3201512874339,1525.532824294285,1712.9109,105.0,79.0,2010,DEN,LAL
126,-22.0,,,,,2009-11-13,1528.484058695684,1551.170470741724,1478.4128,1588.5241989164856,1565.8377868704456,1508.7758,90.0,112.0,2010,PHI,UTA
127,-8.0,,,,,2009-11-13,1511.2856883807685,1520.8837752043478,1469.4171,1608.5185106519666,1598.9204238283874,1616.4882,78.0,86.0,2010,NOP,POR
128,16.0,,,,,2009-11-13,1466.530146499271,1457.8594929273695,1616.2599,1404.0192355229908,1412.6898890948924,1395.2346,88.0,72.0,2010,ORL,NJN
129,-12.0,,,,,2009-11-13,1429.0090505135195,1442.5917038483321,1318.8666,1504.5038683062337,1490.921214971421,1600.1892,77.0,89.0,2010,MIN,DAL
130,-15.0,,,,,2009-11-13,1468.8920404225796,1483.7811018506131,1328.4729,1563.4422918837984,1548.5532304557648,1479.1292,89.0,104.0,2010,LAC,TOR
131,-14.0,,,,,2009-11-13,1355.7073329197826,1364.0409941236305,1368.8644,1575.0550095108792,1566.7213483070313,1393.5099,107.0,121.0,2010,NYK,GSW
132,-3.0,,,,,2009-11-14,1536.7778477933127,1543.7686154837336,1568.7372,1577.1822521059155,1570.1914844154946,1444.6093,98.0,101.0,2010,SAS,OKC
133,1.0,,,,,2009-11-14,1531.8658887040565,1530.2072762467778,1537.0533,1402.3606230657122,1404.0192355229908,1392.1896,81.0,80.0,2010,MIA,NJN
134,6.0,,,,,2009-11-14,1403.3470433257335,1393.2614910166878,1514.6764,1518.3985063866385,1528.484058695684,1456.2019,94.0,88.0,2010,CHI,PHI
135,9.0,,,,,2009-11-14,1545.1582491103604,1535.0610638885512,1486.8325,1598.5459724806942,1608.6431577025035,1642.6752,113.0,104.0,2010,IND,BOS
136,10.0,,,,,2009-11-14,1353.122083190225,1341.768955635217,1364.9376,1417.6559229585114,1429.0090505135195,1313.5737,97.0,87.0,2010,MEM,MIN
137,-6.0,,,,,2009-11-14,1454.5789414510866,1460.8898504111835,1459.8193,1614.8294196120635,1608.5185106519666,1624.0597,74.0,80.0,2010,CHO,POR
138,4.0,,,,,2009-11-14,1594.764857493683,1589.9866549159528,1682.2454,1583.7459963387555,1588.5241989164856,1530.9867,107.0,103.0,2010,CLE,UTA
139,23.0,,,,,2009-11-14,1508.881543366408,1494.052081881134,1571.0498,1496.4562268954944,1511.2856883807685,1461.8456,121.0,98.0,2010,ATL,NOP
140,4.0,,,,,2009-11-14,1546.4919797064601,1540.9096323255123,1480.9972,1569.4726621299315,1575.0550095108792,1410.1195,129.0,125.0,2010,MIL,GSW
141,-3.0,,,,,2009-11-14,1453.539952763927,1460.2283355954912,1370.6934,1507.542419616856,1500.8540367852918,1485.8677,103.0,106.0,2010,WAS,DET
142,-10.0,,,,,2009-11-15,1503.6598461425235,1513.3201512874339,1693.9556,1636.480156344527,1626.8198511996166,1611.8867,91.0,101.0,2010,LAL,HOU
143,1.0,,,,,2009-11-15,1466.1402894470996,1461.4644830532197,1580.4988,1558.7664854899185,1563.4422918837984,1490.1949,101.0,100.0,2010,PHO,TOR
144,-5.0,,,,,2009-11-15,1497.9421032220498,1507.542419616856,1491.1501,1514.10418470104,1504.5038683062337,1605.4821,90.0,95.0,2010,DET,DAL
145,-8.0,,,,,2009-11-15,1561.0445829051214,1577.1822521059155,1455.293,1485.0297096233737,1468.8920404225796,1317.4071,93.0,101.0,2010,OKC,LAC
146,4.0,,,,,2009-11-16,1516.3065597286552,1508.881543366408,1578.1918,1607.4044032498164,1614.8294196120635,1630.0698,99.0,95.0,2010,ATL,POR
147,6.0,,,,,2009-11-16,1472.101234473218,1466.530146499271,1619.3049,1449.0078534771396,1454.5789414510866,1453.8092,97.0,91.0,2010,ORL,CHO
148,-2.0,,,,,2009-11-16,1539.3461671529437,1546.4919797064601,1484.0258,1521.2499972545563,1514.10418470104,1612.1528,113.0,115.0,2010,MIL,DAL
149,18.0,,,,,2009-11-17,1592.4439227711975,1582.0279938049791,1642.4708,1548.3505565237,1558.7664854899185,1488.4369,130.0,112.0,2010,DEN,TOR
150,8.0,,,,,2009-11-17,1503.0131559622557,1496.4562268954944,1454.7036,1478.4727805566124,1485.0297096233737,1335.2874,110.0,102.0,2010,NOP,LAC
151,-8.0,,,,,2009-11-17,1394.807334767324,1402.3606230657122,1390.8627,1552.7115374087487,1545.1582491103604,1498.6453,83.0,91.0,2010,NJN,IND
152,-6.0,,,,,2009-11-17,1620.8591359752515,1636.480156344527,1629.8738,1481.761309816375,1466.1402894470996,1582.2568,105.0,111.0,2010,HOU,PHO
153,-13.0,,,,,2009-11-17,1516.6735670218964,1531.8658887040565,1538.3802,1576.2369045872815,1561.0445829051214,1437.4127,87.0,100.0,2010,MIA,OKC
154,-14.0,,,,,2009-11-17,1422.6011113975492,1441.935235800318,1379.0923,1422.6811677285023,1403.3470433257335,1518.6093,87.0,101.0,2010,SAC,CHI
155,13.0,,,,,2009-11-17,1512.741151352931,1503.6598461425235,1675.9685,1488.8607980116424,1497.9421032220498,1484.4794,106.0,93.0,2010,LAL,DET
156,6.0,,,,,2009-11-17,1600.0034547113785,1594.764857493683,1684.2523,1564.234064912236,1569.4726621299315,1407.0909,114.0,108.0,2010,CLE,GSW
157,13.0,,,,,2009-11-18,1591.662504852201,1583.7459963387555,1528.9797,1540.4340480102546,1548.3505565237,1483.6747,104.0,91.0,2010,UTA,TOR
158,-7.0,,,,,2009-11-18,1534.8435342287594,1552.7115374087487,1507.4663,1373.575336099772,1355.7073329197826,1352.2548,103.0,110.0,2010,IND,NYK
159,15.0,,,,,2009-11-18,1526.5623759668115,1516.3065597286552,1583.4436,1506.41775078374,1516.6735670218964,1516.1659,105.0,90.0,2010,ATL,MIA
160,15.0,,,,,2009-11-18,1370.0821591985398,1353.122083190225,1370.3987,1461.5127045482977,1478.4727805566124,1331.8821,106.0,91.0,2010,MEM,LAC
161,2.0,,,,,2009-11-18,1521.0474076394257,1518.3985063866385,1452.269,1446.3589522243524,1449.0078534771396,1451.5355,86.0,84.0,2010,PHI,CHO
162,5.0,,,,,2009-11-18,1526.9830046831164,1521.2499972545563,1616.4966,1531.0448403647526,1536.7778477933127,1558.0535,99.0,94.0,2010,DAL,SAS
163,14.0,,,,,2009-11-18,1544.1350764424772,1539.3461671529437,1479.682,1390.0184254777905,1394.807334767324,1382.0416,99.0,85.0,2010,MIL,NJN
164,14.0,,,,,2009-11-18,1487.1000976520284,1472.101234473218,1621.5786,1561.2380414084712,1576.2369045872815,1459.6271,108.0,94.0,2010,ORL,OKC
165,6.0,,,,,2009-11-18,1610.7070606750394,1607.4044032498164,1624.818,1485.5581405864193,1488.8607980116424,1481.3522,87.0,81.0,2010,POR,DET
166,14.0,,,,,2009-11-18,1606.8985073532533,1598.5459724806942,1630.8624,1555.8815300396768,1564.234064912236,1405.8746,109.0,95.0,2010,BOS,GSW
167,-13.0,,,,,2009-11-18,1409.7350206493766,1417.6559229585114,1308.1127,1628.7800382843864,1620.8591359752515,1617.5892,84.0,97.0,2010,MIN,HOU
168,17.0,,,,,2009-11-18,1473.3980769996324,1453.539952763927,1365.4109,1580.145330475673,1600.0034547113785,1685.4686,108.0,91.0,2010,WAS,CLE
169,7.0,,,,,2009-11-19,1508.820397058119,1503.0131559622557,1458.1089,1475.9540687205117,1481.761309816375,1594.5414,110.0,103.0,2010,NOP,PHO
170,15.0,,,,,2009-11-19,1519.3974835508636,1512.741151352931,1679.0957,1416.0248355305696,1422.6811677285023,1529.6648,108.0,93.0,2010,LAL,CHI
171,-7.0,,,,,2009-11-19,1521.611588847251,1531.0448403647526,1554.4738,1601.0957563697027,1591.662504852201,1535.616,83.0,90.0,2010,SAS,UTA
172,-5.0,,,,,2009-11-20,1594.0723797441706,1606.8985073532533,1633.5869,1499.926225261111,1487.1000976520284,1625.4331,78.0,83.0,2010,BOS,ORL
173,7.0,,,,,2009-11-20,1548.1344523131663,1544.1350764424772,1485.0736,1442.3595763536632,1446.3589522243524,1448.3253,95.0,88.0,2010,MIL,CHO
174,2.0,,,,,2009-11-20,1529.2036513618448,1526.9830046831164,1620.0763,1420.3804647188208,1422.6011113975492,1368.0367,104.0,102.0,2010,DAL,SAC
175,2.0,,,,,2009-11-20,1532.1570306143758,1526.5623759668115,1590.0052,1623.185383636822,1628.7800382843864,1622.4258,105.0,103.0,2010,ATL,HOU
176,-10.0,,,,,2009-11-20,1522.6117435339156,1534.8435342287594,1490.2794,1592.3771211705168,1580.145330475673,1657.7297,95.0,105.0,2010,IND,CLE
177,14.0,,,,,2009-11-20,1568.2550300631933,1555.8815300396768,1403.1501,1598.333560651523,1610.7070606750394,1627.3755,108.0,94.0,2010,GSW,POR
178,7.0,,,,,2009-11-20,1472.321617571272,1461.5127045482977,1324.3531,1581.6350097482232,1592.4439227711975,1647.233,106.0,99.0,2010,LAC,DEN
179,19.0,,,,,2009-11-20,1569.1416664901385,1561.2380414084712,1455.7726,1465.494451917965,1473.3980769996324,1393.1498,127.0,108.0,2010,OKC,WAS
180,7.0,,,,,2009-11-20,1545.9050219040528,1540.4340480102546,1477.0385,1500.946776889942,1506.41775078374,1509.6042,120.0,113.0,2010,TOR,MIA
181,-5.0,,,,,2009-11-20,1507.3629454009374,1521.0474076394257,1455.4792,1383.766621437028,1370.0821591985398,1377.9276,97.0,102.0,2010,PHI,MEM
182,-7.0,,,,,2009-11-21,1378.1021521454861,1390.0184254777905,1376.65,1385.4916094320763,1373.575336099772,1369.4417,91.0,98.0,2010,NJN,NYK
183,-5.0,,,,,2009-11-21,1378.3996108055517,1383.766621437028,1389.9915,1553.5014629446428,1548.1344523131663,1489.8173,98.0,103.0,2010,MEM,MIL
184,19.0,,,,,2009-11-21,1586.888990857461,1581.6350097482232,1631.2007,1410.7708544213317,1416.0248355305696,1525.3506,112.0,93.0,2010,DEN,CHI
185,6.0,,,,,2009-11-21,1596.2987356808312,1592.3771211705168,1665.6881,1503.441330890623,1507.3629454009374,1443.4154,97.0,91.0,2010,CLE,PHI
186,28.0,,,,,2009-11-21,1604.4271040531858,1598.333560651523,1608.1954,1403.6414772477137,1409.7350206493766,1303.2761,106.0,78.0,2010,POR,MIN
187,22.0,,,,,2009-11-21,1531.8556910773723,1521.611588847251,1542.1151,1455.2503496878437,1465.494451917965,1385.2693,106.0,84.0,2010,SAS,WAS
188,7.0,,,,,2009-11-21,1625.4629634992339,1623.185383636822,1618.7223,1418.102884856409,1420.3804647188208,1367.1587,113.0,106.0,2010,HOU,SAC
189,3.0,,,,,2009-11-21,1603.521171445948,1601.0957563697027,1547.9746,1483.132725510174,1485.5581405864193,1478.7947,100.0,97.0,2010,UTA,DET
190,8.0,,,,,2009-11-21,1516.4722256814919,1508.820397058119,1467.6796,1524.5052019910029,1532.1570306143758,1593.7087,96.0,88.0,2010,NOP,ATL
191,-2.0,,,,,2009-11-22,1382.4413198689515,1385.4916094320763,1381.3962,1597.1226693072954,1594.0723797441706,1623.5593,105.0,107.0,2010,NYK,BOS
192,16.0,,,,,2009-11-22,1457.3294548955537,1442.3595763536632,1443.5817,1507.6418649920251,1522.6117435339156,1482.3210000000001,104.0,88.0,2010,CHO,IND
193,1.0,,,,,2009-11-22,1504.2394903953057,1500.946776889942,1503.1522,1513.1795121761281,1516.4722256814919,1477.6454,102.0,101.0,2010,MIA,NOP
194,-8.0,,,,,2009-11-22,1531.9929928715774,1545.9050219040528,1483.4905,1513.8382542935865,1499.926225261111,1635.4607,96.0,104.0,2010,TOR,ORL
195,16.0,,,,,2009-11-22,1532.6431940494324,1519.3974835508636,1683.4099,1555.8959559915697,1569.1416664901385,1463.6531,101.0,85.0,2010,LAL,OKC
196,26.0,,,,,2009-11-22,1491.437193769313,1475.9540687205117,1584.9707,1467.6496004613728,1483.132725510174,1476.0952,117.0,91.0,2010,PHO,DET
197,14.0,,,,,2009-11-23,1542.6162436372917,1531.8556910773723,1547.5084,1542.7409103847233,1553.5014629446428,1496.8591,112.0,98.0,2010,SAS,MIL
198,4.0,,,,,2009-11-23,1475.800912375791,1472.321617571272,1340.3855,1400.1621824431948,1403.6414772477137,1300.4926,91.0,87.0,2010,LAC,MIN
199,24.0,,,,,2009-11-23,1609.7322391087905,1604.4271040531858,1610.979,1405.465719365727,1410.7708544213317,1518.9941,122.0,98.0,2010,POR,CHI
200,11.0,,,,,2009-11-23,1388.1506670517838,1378.3996108055517,1382.9496,1408.3518286101769,1418.102884856409,1365.6257,116.0,105.0,2010,MEM,SAC
201,-10.0,,,,,2009-11-24,1587.8721166853634,1603.521171445948,1550.6741,1571.5450107521544,1555.8959559915697,1460.5863,94.0,104.0,2010,UTA,OKC
202,-8.0,,,,,2009-11-24,1518.5056921374173,1529.2036513618448,1620.9543,1578.9529892876208,1568.2550300631933,1422.3302,103.0,111.0,2010,DAL,GSW
203,1.0,,,,,2009-11-24,1458.9585242056662,1455.2503496878437,1379.876,1499.7331563728005,1503.441330890623,1441.7522,108.0,107.0,2010,WAS,PHI
204,10.0,,,,,2009-11-24,1536.3167593754413,1532.6431940494324,1686.4767,1378.7677545429426,1382.4413198689515,1378.7401,100.0,90.0,2010,LAL,NYK
205,14.0,,,,,2009-11-24,1590.1889929219333,1586.888990857461,1637.5571,1374.802150081014,1378.1021521454861,1364.6954,101.0,87.0,2010,DEN,NJN
206,11.0,,,,,2009-11-24,1539.3356248092098,1531.9929928715774,1476.0679,1500.2992330543927,1507.6418649920251,1471.2581,123.0,112.0,2010,TOR,IND
207,15.0,,,,,2009-11-25,1497.5352355276407,1491.437193769313,1592.7777,1382.052625293456,1388.1506670517838,1389.7404,126.0,111.0,2010,PHO,MEM
208,35.0,,,,,2009-11-25,1483.0471190589683,1457.3294548955537,1454.6447,1513.6179606457952,1539.3356248092098,1483.2523,116.0,81.0,2010,CHO,TOR
209,-10.0,,,,,2009-11-25,1458.7096655245846,1467.6496004613728,1468.2882,1605.2386706176194,1596.2987356808312,1667.3513,88.0,98.0,2010,DET,CLE
210,-31.0,,,,,2009-11-25,1586.5714441518735,1625.4629634992339,1620.2552,1557.3972114847777,1518.5056921374173,1600.7224,99.0,130.0,2010,HOU,DAL
211,10.0,,,,,2009-11-25,1612.02892667,1609.7322391087905,1619.0109,1372.5054625198045,1374.802150081014,1362.6216,93.0,83.0,2010,POR,NJN
212,13.0,,,,,2009-11-25,1508.4640782268211,1500.2992330543927,1464.0736,1467.6360672033627,1475.800912375791,1343.8994,86.0,73.0,2010,IND,LAC
213,3.0,,,,,2009-11-25,1599.7324003228368,1597.1226693072954,1626.2155,1497.123425357259,1499.7331563728005,1438.2585,113.0,110.0,2010,BOS,PHI
214,14.0,,,,,2009-11-25,1416.7213032866891,1408.3518286101769,1358.835,1370.3982798664304,1378.7677545429426,1377.3739,111.0,97.0,2010,SAC,NYK
215,14.0,,,,,2009-11-25,1553.8455008209805,1542.6162436372917,1554.2998,1567.723732103932,1578.9529892876208,1442.5621,118.0,104.0,2010,SAS,GSW
216,-13.0,,,,,2009-11-25,1391.9417982099387,1400.1621824431948,1296.9786,1598.4093771551893,1590.1889929219333,1639.631,111.0,124.0,2010,MIN,DEN
217,3.0,,,,,2009-11-25,1517.9220583314054,1513.1795121761281,1475.2443,1537.998364229446,1542.7409103847233,1490.0677,102.0,99.0,2010,NOP,MIL
218,-1.0,,,,,2009-11-25,1508.3334113451215,1513.8382542935865,1642.8833,1509.7443333437707,1504.2394903953057,1505.5533,98.0,99.0,2010,ORL,MIA
219,19.0,,,,,2009-11-26,1592.5687941025542,1587.8721166853634,1532.3362,1400.7690419485361,1405.465719365727,1510.9623,105.0,86.0,2010,UTA,CHI
220,-17.0,,,,,2009-11-26,1504.1879313188726,1524.5052019910029,1583.7429,1528.6506820172517,1508.3334113451215,1634.933,76.0,93.0,2010,ATL,ORL
221,3.0,,,,,2009-11-27,1599.6963197970042,1598.4093771551893,1643.7009,1369.1113372246155,1370.3982798664304,1368.0795,128.0,125.0,2010,DEN,NYK
222,-25.0,,,,,2009-11-27,1373.933670835037,1391.9417982099387,1292.9087,1515.5433629025424,1497.5352355276407,1596.0016,95.0,120.0,2010,MIN,PHO
223,-14.0,,,,,2009-11-27,1480.4226989900478,1497.123425357259,1436.8037,1520.888657686084,1504.1879313188726,1566.3728,86.0,100.0,2010,PHI,ATL
224,-8.0,,,,,2009-11-27,1573.4008526525063,1586.5714441518735,1587.2959,1567.0160923203478,1553.8455008209805,1559.3182,84.0,92.0,2010,HOU,SAS
225,-10.0,,,,,2009-11-27,1493.9688575903829,1509.7443333437707,1513.5037,1474.733999959054,1458.9585242056662,1383.3696,84.0,94.0,2010,MIA,WAS
226,7.0,,,,,2009-11-27,1493.3163629156045,1483.0471190589683,1473.1075,1594.9694267609832,1605.2386706176194,1674.2971,94.0,87.0,2010,CHO,CLE
227,13.0,,,,,2009-11-27,1424.1609585595293,1416.7213032866891,1368.1294,1365.0658072469644,1372.5054625198045,1360.7821,109.0,96.0,2010,SAC,NJN
228,-8.0,,,,,2009-11-27,1446.9844044555612,1458.7096655245846,1461.3424,1479.3613282723861,1467.6360672033627,1339.3219,96.0,104.0,2010,DET,LAC
229,-21.0,,,,,2009-11-27,1489.1149663283165,1508.4640782268211,1468.6511,1576.7463233832823,1557.3972114847777,1633.6818,92.0,113.0,2010,IND,DAL
230,-10.0,,,,,2009-11-27,1589.1239049298142,1612.02892667,1620.8503,1404.9576470336417,1382.052625293456,1386.5165,96.0,106.0,2010,POR,MEM
231,18.0,,,,,2009-11-27,1581.273101228595,1571.5450107521544,1478.9242,1528.2702737530055,1537.998364229446,1486.0918,108.0,90.0,2010,OKC,MIL
232,13.0,,,,,2009-11-27,1605.7884299005443,1599.7324003228368,1627.6703,1507.5619310680877,1513.6179606457952,1464.7894,116.0,103.0,2010,BOS,TOR
233,-16.0,,,,,2009-11-28,1457.0915490654625,1474.733999959054,1403.4653,1510.958813809196,1493.3163629156045,1484.8544,76.0,92.0,2010,WAS,CHO
234,-2.0,,,,,2009-11-28,1521.873440430221,1528.2702737530055,1475.6147,1535.0475153400362,1528.6506820172517,1652.3031,98.0,100.0,2010,MIL,ORL
235,-33.0,,,,,2009-11-28,1533.8383595311418,1567.723732103932,1437.5437,1570.2021319482315,1536.3167593754413,1687.8429,97.0,130.0,2010,GSW,LAL
236,16.0,,,,,2009-11-28,1602.8854597452796,1592.5687941025542,1541.9067,1578.8072392870888,1589.1239049298142,1596.1254,108.0,92.0,2010,UTA,POR
237,16.0,,,,,2009-11-28,1604.6138466320608,1594.9694267609832,1662.5503,1567.1019035122047,1576.7463233832823,1646.8107,111.0,95.0,2010,CLE,DAL
238,16.0,,,,,2009-11-29,1439.6137279892878,1424.1609585595293,1376.0337,1502.469288901647,1517.9220583314054,1479.2202,112.0,96.0,2010,SAC,NOP
239,8.0,,,,,2009-11-29,1571.492795551479,1567.0160923203478,1572.9991,1475.9459957589165,1480.4226989900478,1425.306,97.0,89.0,2010,SAS,PHI
240,6.0,,,,,2009-11-29,1454.8553594837535,1446.9844044555612,1444.0729,1513.0177026578915,1520.888657686084,1577.8705,94.0,88.0,2010,DET,ATL
241,-7.0,,,,,2009-11-29,1486.2460651359102,1493.9688575903829,1493.408,1613.511222355017,1605.7884299005443,1631.3241,85.0,92.0,2010,MIA,BOS
242,-6.0,,,,,2009-11-29,1582.753177638174,1599.6963197970042,1644.5881,1390.8768129938671,1373.933670835037,1285.0907,100.0,106.0,2010,DEN,MIN
243,10.0,,,,,2009-11-29,1484.7999321646953,1479.3613282723861,1356.5914,1399.5190431413325,1404.9576470336417,1411.2415,98.0,88.0,2010,LAC,MEM
244,-12.0,,,,,2009-11-29,1360.4705277190915,1369.1113372246155,1367.1923,1543.6883248455601,1535.0475153400362,1655.8668,102.0,114.0,2010,NYK,ORL
245,19.0,,,,,2009-11-29,1574.3418998134405,1570.2021319482315,1700.2413,1360.9260393817553,1365.0658072469644,1352.8778,106.0,87.0,2010,LAL,NJN
246,-9.0,,,,,2009-11-29,1568.0803940931978,1581.273101228595,1489.4012,1586.5935597879034,1573.4008526525063,1573.615,91.0,100.0,2010,OKC,HOU
247,-19.0,,,,,2009-11-29,1487.0904336651804,1507.5619310680877,1461.1356,1536.0148603054497,1515.5433629025424,1603.8196,94.0,113.0,2010,TOR,PHO
248,2.0,,,,,2009-11-30,1523.8690080896797,1521.873440430221,1472.0510000000002,1398.7734742890775,1400.7690419485361,1501.3917,99.0,97.0,2010,MIL,CHI
249,2.0,,,,,2009-11-30,1569.4300477828378,1567.1019035122047,1638.078,1473.6178514882833,1475.9459957589165,1422.3696,104.0,102.0,2010,DAL,PHI
250,27.0,,,,,2009-11-30,1608.243844454577,1602.8854597452796,1553.6919,1394.1606584320352,1399.5190431413325,1402.527,120.0,93.0,2010,UTA,MEM
251,19.0,,,,,2009-11-30,1543.4134008613105,1533.8383595311418,1425.1453,1479.5399249981479,1489.1149663283165,1455.5222,126.0,107.0,2010,GSW,IND
252,-18.0,,,,,2009-12-01,1496.4931367454315,1510.958813809196,1499.8892,1627.9768994187816,1613.511222355017,1638.6017,90.0,108.0,2010,CHO,BOS
253,11.0,,,,,2009-12-01,1580.185596864764,1574.3418998134405,1701.8885,1496.6255918503234,1502.469288901647,1464.9965,110.0,99.0,2010,LAL,NOP
254,-4.0,,,,,2009-12-01,1477.9825049069975,1487.0904336651804,1447.7181,1466.1994778236453,1457.0915490654625,1388.4305,102.0,106.0,2010,TOR,WAS
255,28.0,,,,,2009-12-01,1595.6784091666314,1582.753177638174,1621.7543,1530.4881693328532,1543.4134008613105,1437.1581,135.0,107.0,2010,DEN,GSW
256,-7.0,,,,,2009-12-01,1564.6630081862115,1578.8072392870888,1584.3402,1500.3902962367874,1486.2460651359102,1486.1304,100.0,107.0,2010,POR,MIA
257,27.0,,,,,2009-12-01,1390.096476911732,1360.4705277190915,1362.0896,1506.3889111128092,1536.0148603054497,1617.2371,126.0,99.0,2010,NYK,PHO
258,2.0,,,,,2009-12-02,1470.8080935367573,1466.1994778236453,1398.7867,1519.2603923765678,1523.8690080896797,1475.7069,104.0,102.0,2010,WAS,MIL
259,7.0,,,,,2009-12-02,1406.7458355170163,1398.7734742890775,1497.7358,1446.8829982558148,1454.8553594837535,1452.7911,92.0,85.0,2010,CHI,DET
260,-16.0,,,,,2009-12-02,1352.225586315813,1360.9260393817553,1351.2306,1578.1305008487802,1569.4300477828378,1639.1563,101.0,117.0,2010,NJN,DAL
261,17.0,,,,,2009-12-02,1611.422286475076,1604.6138466320608,1671.283,1499.580471269794,1506.3889111128092,1584.4131,107.0,90.0,2010,CLE,PHO
262,-17.0,,,,,2009-12-02,1470.8495713054242,1484.7999321646953,1365.3059,1600.5439206471744,1586.5935597879034,1583.9209,85.0,102.0,2010,LAC,HOU
263,5.0,,,,,2009-12-02,1445.8514737406483,1439.6137279892878,1390.2574,1473.3021792467873,1479.5399249981479,1443.5094,110.0,105.0,2010,SAC,IND
264,-2.0,,,,,2009-12-02,1384.5333346158232,1390.8768129938671,1307.9246,1400.5041368100792,1394.1606584320352,1396.0946,95.0,97.0,2010,MIN,MEM
265,11.0,,,,,2009-12-02,1573.297738431679,1568.0803940931978,1479.0953,1468.4005071498023,1473.6178514882833,1421.2914,117.0,106.0,2010,OKC,PHI
266,31.0,,,,,2009-12-02,1527.2208910239228,1513.0177026578915,1569.1522,1463.7793165409662,1477.9825049069975,1437.3619,146.0,115.0,2010,ATL,TOR
267,14.0,,,,,2009-12-02,1548.159043328929,1543.6883248455601,1660.9695,1385.625758428363,1390.096476911732,1394.9136,118.0,104.0,2010,ORL,NYK
268,18.0,,,,,2009-12-03,1602.8646049913375,1595.6784091666314,1627.267,1493.2041004120813,1500.3902962367874,1501.2848,114.0,96.0,2010,DEN,MIA
269,-7.0,,,,,2009-12-03,1562.1212153828951,1571.492795551479,1575.9355,1637.3484795873655,1627.9768994187816,1651.7354,83.0,90.0,2010,SAS,BOS
270,-2.0,,,,,2009-12-03,1525.3439117994649,1530.4881693328532,1431.6454,1605.6881781805628,1600.5439206471744,1592.9011,109.0,111.0,2010,GSW,HOU
271,1.0,,,,,2009-12-04,1582.1746328840588,1580.185596864764,1704.0696,1491.2150643927864,1493.2041004120813,1495.7637,108.0,107.0,2010,LAL,MIA
272,-2.0,,,,,2009-12-04,1464.274804992849,1470.8080935367573,1403.2163,1470.3126050848743,1463.7793165409662,1429.4865,107.0,109.0,2010,WAS,TOR
273,6.0,,,,,2009-12-04,1362.422820814409,1352.225586315813,1345.0425,1486.2959022468353,1496.4931367454315,1486.7555,97.0,91.0,2010,NJN,CHO
274,-7.0,,,,,2009-12-04,1511.4909858593956,1527.2208910239228,1577.0277,1401.3556635928903,1385.625758428363,1392.7567,107.0,114.0,2010,ATL,NYK
275,9.0,,,,,2009-12-04,1456.7312499493005,1446.8829982558148,1448.2269,1509.412140683082,1519.2603923765678,1471.2773,105.0,96.0,2010,DET,MIL
276,14.0,,,,,2009-12-04,1614.7991575666128,1611.422286475076,1677.7643,1403.3689644254794,1406.7458355170163,1502.3,101.0,87.0,2010,CLE,CHI
277,-18.0,,,,,2009-12-04,1556.7515154733094,1573.297738431679,1484.7139,1653.894702545735,1637.3484795873655,1660.9108,87.0,105.0,2010,OKC,BOS
278,9.0,,,,,2009-12-04,1500.8386719277094,1496.6255918503234,1462.8154,1380.3202545384372,1384.5333346158232,1302.8805,98.0,89.0,2010,NOP,MIN
279,9.0,,,,,2009-12-04,1611.9816587868083,1608.243844454577,1560.1243,1469.5643649145559,1473.3021792467873,1437.6331,96.0,87.0,2010,UTA,IND
280,16.0,,,,,2009-12-04,1421.1988065497824,1400.5041368100792,1401.1387,1557.435831109077,1578.1305008487802,1645.3444,98.0,82.0,2010,MEM,DAL
281,1.0,,,,,2009-12-05,1489.0729104757659,1486.2959022468353,1477.7999,1465.6234989208717,1468.4005071498023,1415.6729,106.0,105.0,2010,CHO,PHI
282,7.0,,,,,2009-12-05,1394.879532048306,1380.3202545384372,1299.9315,1597.4223812769396,1611.9816587868083,1563.7174,108.0,101.0,2010,MIN,UTA
283,-8.0,,,,,2009-12-05,1514.0947632026835,1525.3439117994649,1427.8429999999998,1559.4081919257105,1548.159043328929,1663.1263,118.0,126.0,2010,GSW,ORL
284,-32.0,,,,,2009-12-05,1378.7105798132618,1403.3689644254794,1498.7169,1494.970989697092,1470.3126050848743,1435.6947,78.0,110.0,2010,CHI,TOR
285,-5.0,,,,,2009-12-05,1546.8691997474405,1557.435831109077,1623.2107,1522.0576172210322,1511.4909858593956,1558.7983,75.0,80.0,2010,DAL,ATL
286,1.0,,,,,2009-12-05,1568.2622005928167,1564.6630081862115,1569.1858,1602.0889857739576,1605.6881781805628,1596.7035,90.0,89.0,2010,POR,HOU
287,16.0,,,,,2009-12-05,1481.2670118990509,1470.8495713054242,1356.3257,1459.1469243209292,1469.5643649145559,1434.0399,88.0,72.0,2010,LAC,IND
288,-7.0,,,,,2009-12-05,1552.2615003727888,1562.1212153828951,1566.7601,1612.7243200014439,1602.8646049913375,1632.7881,99.0,106.0,2010,SAS,DEN
289,8.0,,,,,2009-12-05,1504.84659996456,1499.580471269794,1577.9318,1440.5853450458824,1445.8514737406483,1396.1338,115.0,107.0,2010,PHO,SAC
290,4.0,,,,,2009-12-06,1461.605942161353,1456.7312499493005,1455.3981,1459.4001127807967,1464.274804992849,1397.0081,98.0,94.0,2010,DET,WAS
291,20.0,,,,,2009-12-06,1590.6351076122082,1582.1746328840588,1705.0095,1496.3861252364106,1504.84659996456,1580.3754,108.0,88.0,2010,LAL,PHO
292,-15.0,,,,,2009-12-06,1496.7563765618052,1509.412140683082,1464.1062,1627.4549216878897,1614.7991575666128,1681.3474,86.0,101.0,2010,MIL,CLE
293,-13.0,,,,,2009-12-06,1426.6728560951408,1440.5853450458824,1393.6902,1505.127553343528,1491.2150643927864,1494.8237,102.0,115.0,2010,SAC,MIA
294,9.0,,,,,2009-12-06,1407.4165089403584,1401.3556635928903,1410.9861,1356.361975466941,1362.422820814409,1353.9979999999998,106.0,97.0,2010,NYK,NJN
295,9.0,,,,,2009-12-07,1420.9873343130268,1407.4165089403584,1415.9723,1554.6913752201483,1568.2622005928167,1572.2206,93.0,84.0,2010,NYK,POR
296,16.0,,,,,2009-12-07,1565.351424095476,1556.7515154733094,1473.4573,1505.4948545805169,1514.0947632026835,1422.6884,104.0,88.0,2010,OKC,GSW
297,-10.0,,,,,2009-12-07,1457.3060161649985,1465.6234989208717,1413.6531,1621.041802757317,1612.7243200014439,1642.2788,83.0,93.0,2010,PHI,DEN
298,3.0,,,,,2009-12-07,1600.8015833779573,1597.4223812769396,1549.7827,1548.882298271771,1552.2615003727888,1557.2694,104.0,101.0,2010,UTA,SAS
299,2.0,,,,,2009-12-08,1428.9670105598832,1421.1988065497824,1423.2723,1619.686717677789,1627.4549216878897,1689.6536,111.0,109.0,2010,MEM,CLE
300,1.0,,,,,2009-12-08,1549.202992613883,1546.8691997474405,1611.5356,1494.052332369968,1496.3861252364106,1574.3956,102.0,101.0,2010,DAL,PHO
301,9.0,,,,,2009-12-08,1657.1477065208712,1653.894702545735,1672.1674,1493.503372586669,1496.7563765618052,1455.8,98.0,89.0,2010,BOS,MIL
302,6.0,,,,,2009-12-08,1498.4599962140735,1494.970989697092,1473.5835,1391.3905255313243,1394.879532048306,1313.8662,94.0,88.0,2010,TOR,MIN
303,12.0,,,,,2009-12-08,1503.4837762400068,1489.0729104757659,1479.8197,1606.6309369930761,1621.041802757317,1648.3555,107.0,95.0,2010,CHO,DEN
304,2.0,,,,,2009-12-08,1503.3232231158286,1500.8386719277094,1465.7644,1424.1883049070216,1426.6728560951408,1381.4884,96.0,94.0,2010,NOP,SAC
305,-2.0,,,,,2009-12-08,1372.0303213709137,1378.7105798132618,1460.8281,1363.042233909289,1356.361975466941,1349.0118,101.0,103.0,2010,CHI,NJN
306,-11.0,,,,,2009-12-08,1470.0914726358799,1481.2670118990509,1369.2533,1570.5837311888815,1559.4081919257105,1668.281,86.0,97.0,2010,LAC,ORL
307,-11.0,,,,,2009-12-09,1448.6349608654064,1459.1469243209292,1421.1123,1565.2033386756711,1554.6913752201483,1560.3922,91.0,102.0,2010,IND,POR
308,22.0,,,,,2009-12-09,1506.5788605754872,1493.503372586669,1453.636,1485.3845082252553,1498.4599962140735,1475.9289999999999,117.0,95.0,2010,MIL,TOR
309,-1.0,,,,,2009-12-09,1387.7558460521363,1391.3905255313243,1311.5208,1506.9579025950165,1503.3232231158286,1467.9303,96.0,97.0,2010,MIN,NOP
310,10.0,,,,,2009-12-09,1610.281990142364,1602.0889857739576,1593.6687,1611.4937133093824,1619.686717677789,1681.5975,95.0,85.0,2010,HOU,CLE
311,24.0,,,,,2009-12-09,1604.865707449435,1590.6351076122082,1710.9893,1586.5709835407306,1600.8015833779573,1553.6339,101.0,77.0,2010,LAL,UTA
312,12.0,,,,,2009-12-09,1553.5042733416103,1548.882298271771,1553.4182,1419.5663298371824,1424.1883049070216,1379.3225,118.0,106.0,2010,SAS,SAC
313,-16.0,,,,,2009-12-09,1351.7944118286891,1363.042233909289,1357.9937,1516.7426766611168,1505.4948545805169,1415.2692,89.0,105.0,2010,NJN,GSW
314,35.0,,,,,2009-12-09,1530.5571102370059,1522.0576172210322,1570.4734,1363.53082835494,1372.0303213709137,1451.8463,118.0,83.0,2010,ATL,CHI
315,-4.0,,,,,2009-12-09,1449.1931017797249,1457.3060161649985,1407.5764,1469.7188565466265,1461.605942161353,1458.616,86.0,90.0,2010,PHI,DET
316,9.0,,,,,2009-12-10,1593.1826863630472,1586.5709835407306,1547.9137,1563.972028366565,1570.5837311888815,1672.8647,120.0,111.0,2010,UTA,ORL
317,2.0,,,,,2009-12-10,1475.807015353927,1469.7188565466265,1466.1196,1600.5427781857757,1606.6309369930761,1633.6467,101.0,99.0,2010,DET,DEN
318,-2.0,,,,,2009-12-10,1456.3277056795919,1459.4001127807967,1393.7902,1660.220113622076,1657.1477065208712,1674.3314,102.0,104.0,2010,WAS,BOS
319,3.0,,,,,2009-12-11,1499.541786255482,1494.052332369968,1572.1207,1558.482574481051,1563.972028366565,1662.2206,106.0,103.0,2010,PHO,ORL
320,-22.0,,,,,2009-12-11,1465.554674004536,1485.3845082252553,1463.0704,1550.3869444577251,1530.5571102370059,1579.6914,89.0,111.0,2010,TOR,ATL
321,-17.0,,,,,2009-12-11,1483.1886201737707,1506.9579025950165,1471.1753,1444.7566167342727,1420.9873343130268,1427.8007,96.0,113.0,2010,NOP,NYK
322,12.0,,,,,2009-12-11,1607.657761445925,1604.865707449435,1716.7095,1384.9637920556463,1387.7558460521363,1308.2758,104.0,92.0,2010,LAL,MIN
323,5.0,,,,,2009-12-11,1372.9050669959759,1363.53082835494,1442.6283,1507.368438020081,1516.7426766611168,1431.6063,96.0,91.0,2010,CHI,GSW
324,-5.0,,,,,2009-12-11,1443.9688590915362,1449.1931017797249,1400.0728,1615.5062328305528,1610.281990142364,1603.59,91.0,96.0,2010,PHI,HOU
325,-8.0,,,,,2009-12-11,1421.5279410102537,1428.9670105598832,1431.3284,1572.7904936451055,1565.351424095476,1480.8765,94.0,102.0,2010,MEM,OKC
326,19.0,,,,,2009-12-11,1562.6521592350173,1553.5042733416103,1556.6841,1494.3358903465999,1503.4837762400068,1494.5284,104.0,85.0,2010,SAS,CHO
327,5.0,,,,,2009-12-11,1615.639825500194,1611.4937133093824,1671.6763,1561.0572264848595,1565.2033386756711,1569.8662,104.0,99.0,2010,CLE,POR
328,-13.0,,,,,2009-12-11,1491.2028544165664,1505.127553343528,1507.0255,1563.1276915408446,1549.202992613883,1613.8105,93.0,106.0,2010,MIA,DAL
329,16.0,,,,,2009-12-11,1455.0843590154414,1448.6349608654064,1411.6383,1345.3450136786541,1351.7944118286891,1341.6565,107.0,91.0,2010,IND,NJN
330,1.0,,,,,2009-12-12,1565.2620810415146,1563.1276915408446,1625.7593,1492.2015008459298,1494.3358903465999,1486.6301,98.0,97.0,2010,DAL,CHO
331,9.0,,,,,2009-12-12,1483.9684605980315,1475.807015353927,1472.2079,1499.2069927759765,1507.368438020081,1427.1407,104.0,95.0,2010,DET,GSW
332,-26.0,,,,,2009-12-12,1364.6469774259376,1372.9050669959759,1447.0939,1668.4782031921143,1660.220113622076,1676.5377,80.0,106.0,2010,CHI,BOS
333,20.0,,,,,2009-12-12,1429.7686290573924,1419.5663298371824,1376.0566,1374.7614928354362,1384.9637920556463,1307.4346,120.0,100.0,2010,SAC,MIN
334,7.0,,,,,2009-12-12,1514.3407806848047,1506.5788605754872,1466.4945,1553.295306375542,1561.0572264848595,1566.9778,108.0,101.0,2010,MIL,POR
335,6.0,,,,,2009-12-12,1604.0155836705542,1600.5427781857757,1627.5585,1496.0689807707035,1499.541786255482,1577.5094,105.0,99.0,2010,DEN,PHO
336,-1.0,,,,,2009-12-12,1451.059214713081,1456.3277056795919,1391.5839,1460.3528499819522,1455.0843590154414,1418.4001,113.0,114.0,2010,WAS,IND
337,8.0,,,,,2009-12-12,1600.2535906333985,1593.1826863630472,1558.5579,1600.5868571755736,1607.657761445925,1717.5507,102.0,94.0,2010,UTA,LAL
338,-13.0,,,,,2009-12-13,1558.811274825612,1572.7904936451055,1491.7019,1629.6190443196876,1615.639825500194,1674.5647,89.0,102.0,2010,OKC,CLE
339,-25.0,,,,,2009-12-13,1451.5929166113244,1470.0914726358799,1364.6696,1581.1507152595727,1562.6521592350173,1564.5824,90.0,115.0,2010,LAC,SAS
340,-28.0,,,,,2009-12-13,1458.7334608316633,1491.2028544165664,1495.0768,1453.9973345951569,1421.5279410102537,1420.5029,90.0,118.0,2010,MIA,MEM
341,23.0,,,,,2009-12-13,1555.0264532797275,1550.3869444577251,1596.1458,1340.7055048566517,1345.3450136786541,1334.8947,130.0,107.0,2010,ATL,NJN
342,13.0,,,,,2009-12-13,1481.698118846563,1465.554674004536,1446.6161,1599.362787988526,1615.5062328305528,1608.2079999999999,101.0,88.0,2010,TOR,HOU
343,16.0,,,,,2009-12-14,1456.9801548915984,1443.9688590915362,1395.4547,1486.1956969759142,1499.2069927759765,1421.8629,117.0,101.0,2010,PHI,GSW
344,-2.0,,,,,2009-12-14,1589.883146720015,1600.2535906333985,1569.6895,1385.1319367488197,1374.7614928354362,1299.5035,108.0,110.0,2010,UTA,MIN
345,-5.0,,,,,2009-12-14,1449.8413730602754,1453.9973345951569,1455.8956,1672.6341647269958,1668.4782031921143,1688.0402,105.0,110.0,2010,MEM,BOS
346,4.0,,,,,2009-12-14,1568.388264352183,1565.2620810415146,1627.1271,1480.0624368631024,1483.1886201737707,1448.1653,94.0,90.0,2010,DAL,NOP
347,8.0,,,,,2009-12-14,1562.6204258440607,1558.482574481051,1656.8319,1456.2149986189424,1460.3528499819522,1423.5846,106.0,98.0,2010,ORL,IND
348,9.0,,,,,2009-12-14,1609.7802469134315,1604.0155836705542,1631.6533,1553.0466115827346,1558.811274825612,1482.9006,102.0,93.0,2010,DEN,OKC
349,2.0,,,,,2009-12-14,1455.1135915922512,1451.5929166113244,1351.8856,1447.5385397321543,1451.059214713081,1386.3994,97.0,95.0,2010,LAC,WAS
350,12.0,,,,,2009-12-15,1508.193798778342,1496.0689807707035,1573.4146,1569.0258972519343,1581.1507152595727,1577.3663,116.0,104.0,2010,PHO,SAS
351,11.0,,,,,2009-12-15,1603.9541662059437,1599.362787988526,1593.0591,1479.3770823806137,1483.9684605980315,1477.4857,107.0,96.0,2010,HOU,DET
352,7.0,,,,,2009-12-15,1497.130550292809,1492.2015008459298,1485.2623,1439.8275672873935,1444.7566167342727,1450.8107,94.0,87.0,2010,CHO,NYK
353,7.0,,,,,2009-12-15,1556.6574165187137,1553.295306375542,1558.55,1426.4065189142207,1429.7686290573924,1383.9877,95.0,88.0,2010,POR,SAC
354,10.0,,,,,2009-12-15,1631.266620992761,1629.6190443196876,1683.366,1339.0579281835783,1340.7055048566517,1331.7799,99.0,89.0,2010,CLE,NJN
355,-9.0,,,,,2009-12-15,1359.4333883347663,1364.6469774259376,1435.5914,1605.800446266745,1600.5868571755736,1706.4191,87.0,96.0,2010,CHI,LAL
356,20.0,,,,,2009-12-15,1471.9704026338509,1458.7334608316633,1459.6841,1468.4611770443753,1481.698118846563,1461.765,115.0,95.0,2010,MIA,TOR
357,-14.0,,,,,2009-12-16,1537.0748485267447,1553.0466115827346,1479.7703,1584.3600274081728,1568.388264352183,1628.8557,86.0,100.0,2010,OKC,DAL
358,-12.0,,,,,2009-12-16,1474.5765012455336,1486.1956969759142,1411.3569,1580.645092982315,1569.0258972519343,1569.4739,91.0,103.0,2010,GSW,SAS
359,3.0,,,,,2009-12-16,1461.0914588769367,1456.2149986189424,1421.7488,1492.2540900348147,1497.130550292809,1490.0571,101.0,98.0,2010,IND,CHO
360,-16.0,,,,,2009-12-16,1332.0338479689244,1339.0579281835783,1330.7253,1596.9072269346689,1589.883146720015,1557.4167,92.0,108.0,2010,NJN,UTA
361,-25.0,,,,,2009-12-16,1365.1237272726585,1385.1319367488197,1311.7762,1475.1218010684124,1455.1135915922512,1355.6217,95.0,120.0,2010,MIN,LAC
362,13.0,,,,,2009-12-16,1560.4123566708975,1555.0264532797275,1599.2605,1444.4554696691055,1449.8413730602754,1451.8414,110.0,97.0,2010,ATL,MEM
363,19.0,,,,,2009-12-16,1569.9720072412074,1562.6204258440607,1658.6677,1461.1095956472286,1468.4611770443753,1450.746,118.0,99.0,2010,ORL,TOR
364,3.0,,,,,2009-12-16,1430.888622854866,1426.4065189142207,1381.6324,1443.0564357915089,1447.5385397321543,1382.6633,112.0,109.0,2010,SAC,WAS
365,-7.0,,,,,2009-12-16,1451.0667464831383,1456.9801548915984,1405.9607,1637.1800294012212,1631.266620992761,1684.4205,101.0,108.0,2010,PHI,CLE
366,10.0,,,,,2009-12-16,1617.163474066961,1609.7802469134315,1634.7837,1596.5709390524141,1603.9541662059437,1597.2717,111.0,101.0,2010,DEN,HOU
367,-1.0,,,,,2009-12-16,1510.4255231296995,1514.3407806848047,1474.9222,1609.7157038218502,1605.800446266745,1711.0814,106.0,107.0,2010,MIL,LAL
368,8.0,,,,,2009-12-16,1486.6734563876657,1480.0624368631024,1446.4366,1472.7660628560504,1479.3770823806137,1473.2731,95.0,87.0,2010,NOP,DET
369,18.0,,,,,2009-12-17,1488.6414974264633,1471.9704026338509,1470.7031,1553.300912448595,1569.9720072412074,1662.3517,104.0,86.0,2010,MIA,ORL
370,3.0,,,,,2009-12-17,1559.9169704829549,1556.6574165187137,1560.9053,1504.9342448141008,1508.193798778342,1581.307,105.0,102.0,2010,POR,PHO
371,9.0,,,,,2009-12-17,1369.3932390682824,1359.4333883347663,1430.9291,1429.8677165538775,1439.8275672873935,1446.0159,98.0,89.0,2010,CHI,NYK
372,-1.0,,,,,2009-12-18,1664.0184786598943,1672.6341647269958,1692.0944,1459.6824325502398,1451.0667464831383,1402.0795,97.0,98.0,2010,BOS,PHI
373,-9.0,,,,,2009-12-18,1460.7830820779195,1474.5765012455336,1402.0804,1456.849854959123,1443.0564357915089,1378.9199,109.0,118.0,2010,GSW,WAS
374,11.0,,,,,2009-12-18,1543.0192550199722,1537.0748485267447,1469.1315,1466.821656362823,1472.7660628560504,1466.4758,109.0,98.0,2010,OKC,DET
375,13.0,,,,,2009-12-18,1454.088480777408,1444.4554696691055,1447.8729,1451.4584477686342,1461.0914588769367,1426.7052,107.0,94.0,2010,MEM,IND
376,3.0,,,,,2009-12-18,1639.3767640931037,1637.1800294012212,1688.3018,1508.228788437817,1510.4255231296995,1472.6368,85.0,82.0,2010,CLE,MIL
377,-8.0,,,,,2009-12-18,1572.9799443029508,1584.3600274081728,1639.4945,1607.951022157636,1596.5709390524141,1591.4412,108.0,116.0,2010,DAL,HOU
378,4.0,,,,,2009-12-18,1435.4850083225872,1429.8677165538775,1439.0854,1469.5045092997027,1475.1218010684124,1378.9119,95.0,91.0,2010,NYK,LAC
379,6.0,,,,,2009-12-18,1496.2004113562384,1486.6734563876657,1453.2339,1607.6365190983884,1617.163474066961,1640.6143,98.0,92.0,2010,NOP,DEN
380,16.0,,,,,2009-12-18,1378.7009777277995,1365.1237272726585,1288.4861,1417.311372399725,1430.888622854866,1385.3759,112.0,96.0,2010,MIN,SAC
381,23.0,,,,,2009-12-18,1468.1230460431993,1461.1095956472286,1447.0620000000001,1325.0203975729537,1332.0338479689244,1322.4193,118.0,95.0,2010,TOR,NJN
382,13.0,,,,,2009-12-18,1570.9030446509908,1560.4123566708975,1603.229,1586.4165389545756,1596.9072269346689,1565.7228,96.0,83.0,2010,ATL,UTA
383,9.0,,,,,2009-12-19,1560.6233134069787,1553.300912448595,1641.6785,1552.5945695245712,1559.9169704829549,1564.9777,92.0,83.0,2010,ORL,POR
384,3.0,,,,,2009-12-19,1378.0770676884838,1369.3932390682824,1437.8595,1562.2192160307893,1570.9030446509908,1610.1134,101.0,98.0,2010,CHI,ATL
385,-1.0,,,,,2009-12-19,1501.5942047850313,1508.228788437817,1471.389,1423.9459560525108,1417.311372399725,1371.4777,95.0,96.0,2010,MIL,SAC
386,-8.0,,,,,2009-12-19,1483.5435763405717,1492.2540900348147,1485.1007,1595.1270526488186,1586.4165389545756,1558.8384,102.0,110.0,2010,CHO,UTA
387,26.0,,,,,2009-12-19,1516.4514557349705,1504.9342448141008,1577.2346,1445.3326440382532,1456.849854959123,1393.3926,121.0,95.0,2010,PHO,WAS
388,-19.0,,,,,2009-12-19,1318.3135632137235,1325.0203975729537,1315.8237,1616.4225381810804,1609.7157038218502,1713.3668,84.0,103.0,2010,NJN,LAL
389,1.0,,,,,2009-12-19,1582.2130977299794,1580.645092982315,1578.7504,1449.8904430209698,1451.4584477686342,1419.2802,100.0,99.0,2010,SAS,IND
390,-5.0,,,,,2009-12-19,1450.799352811151,1459.6824325502398,1412.7041,1478.3875890387915,1469.5045092997027,1375.7216,107.0,112.0,2010,PHI,LAC
391,5.0,,,,,2009-12-19,1611.7384981929843,1607.951022157636,1605.8815,1539.231778984624,1543.0192550199722,1476.3851,95.0,90.0,2010,HOU,OKC
392,-12.0,,,,,2009-12-20,1457.7726131618938,1466.821656362823,1459.2222,1625.4715813820096,1616.4225381810804,1717.2689,81.0,93.0,2010,DET,LAL
393,-7.0,,,,,2009-12-20,1479.6818426793636,1488.6414974264633,1491.3763,1561.5542242716708,1552.5945695245712,1560.4478,95.0,102.0,2010,MIA,POR
394,6.0,,,,,2009-12-20,1464.4005861013627,1454.088480777408,1455.2979999999998,1597.3244137744337,1607.6365190983884,1630.2524,102.0,96.0,2010,MEM,DEN
395,6.0,,,,,2009-12-20,1474.5108711042576,1468.1230460431993,1453.6576,1489.8125862951802,1496.2004113562384,1463.5957,98.0,92.0,2010,TOR,NOP
396,7.0,,,,,2009-12-20,1581.1252527219524,1572.9799443029508,1625.0542,1631.231455674102,1639.3767640931037,1689.5496,102.0,95.0,2010,DAL,CLE
397,4.0,,,,,2009-12-20,1441.1680230968832,1435.4850083225872,1442.2758,1477.8605615662757,1483.5435763405717,1475.1268,98.0,94.0,2010,NYK,CHO
398,18.0,,,,,2009-12-20,1666.4879182599595,1664.0184786598943,1681.4697,1376.2315381277342,1378.7009777277995,1302.3843,122.0,104.0,2010,BOS,MIN
399,16.0,,,,,2009-12-21,1588.4360959826838,1582.2130977299794,1579.9779,1472.164590786087,1478.3875890387915,1386.5891,103.0,87.0,2010,SAS,LAC
400,-4.0,,,,,2009-12-21,1371.0737604473204,1378.0770676884838,1445.0095,1430.9492632936742,1423.9459560525108,1378.7876,98.0,102.0,2010,CHI,SAC
401,5.0,,,,,2009-12-21,1566.4786019377202,1560.6233134069787,1646.2084,1589.271764118077,1595.1270526488186,1568.8123,104.0,99.0,2010,ORL,UTA
402,-18.0,,,,,2009-12-21,1503.1708846004017,1516.4514557349705,1582.4825,1644.512026808671,1631.231455674102,1682.2023,91.0,109.0,2010,PHO,CLE
403,-3.0,,,,,2009-12-21,1443.8151332638963,1449.8904430209698,1418.0526,1507.6695145421047,1501.5942047850313,1464.0791,81.0,84.0,2010,IND,MIL
404,13.0,,,,,2009-12-22,1473.0293101807517,1464.4005861013627,1465.2716,1452.1543579985305,1460.7830820779195,1387.6078,121.0,108.0,2010,MEM,GSW
405,-25.0,,,,,2009-12-22,1363.662682935775,1376.2315381277342,1301.0708,1574.7880712227486,1562.2192160307893,1602.9634,87.0,112.0,2010,MIN,ATL
406,7.0,,,,,2009-12-22,1451.5031007135672,1445.3326440382532,1388.1447,1444.628896135837,1450.799352811151,1401.8365,105.0,98.0,2010,WAS,PHI
407,3.0,,,,,2009-12-22,1628.1236877755512,1625.4715813820096,1723.1993,1536.5796725910825,1539.231778984624,1473.8804,111.0,108.0,2010,LAL,OKC
408,9.0,,,,,2009-12-22,1615.2411222589787,1611.7384981929843,1608.3862,1468.6619667200926,1472.164590786087,1383.0385,108.0,99.0,2010,HOU,LAC
409,9.0,,,,,2009-12-22,1668.7059851488302,1666.4879182599595,1682.7832,1441.5970663750256,1443.8151332638963,1411.3092,103.0,94.0,2010,BOS,IND
410,7.0,,,,,2009-12-22,1445.493743630522,1441.1680230968832,1447.132,1366.7480399136816,1371.0737604473204,1434.4694,88.0,81.0,2010,NYK,CHI
411,-4.0,,,,,2009-12-22,1572.6211109089104,1581.1252527219524,1632.4015,1570.0583660847128,1561.5542242716708,1569.8398,81.0,85.0,2010,DAL,POR
412,12.0,,,,,2009-12-22,1485.4613681535368,1477.8605615662757,1470.2706,1450.1718065746327,1457.7726131618938,1453.2917,88.0,76.0,2010,CHO,DET
413,-4.0,,,,,2009-12-23,1311.2985865574365,1318.3135632137235,1311.9216,1370.677659592062,1363.662682935775,1293.2051,99.0,103.0,2010,NJN,MIN
414,-4.0,,,,,2009-12-23,1495.8864538548717,1503.1708846004017,1567.2363,1543.8641033366125,1536.5796725910825,1472.8485,113.0,117.0,2010,PHO,OKC
415,-12.0,,,,,2009-12-23,1490.4492449216382,1507.6695145421047,1470.8225,1468.7233703340337,1451.5031007135672,1394.0984,97.0,109.0,2010,MIL,WAS
416,10.0,,,,,2009-12-23,1491.3040182778698,1479.6818426793636,1481.9843,1577.649588519571,1589.271764118077,1565.5485,80.0,70.0,2010,MIA,UTA
417,15.0,,,,,2009-12-23,1578.3693317877926,1566.4786019377202,1649.4722,1603.3503924089064,1615.2411222589787,1610.444,102.0,87.0,2010,ORL,HOU
418,20.0,,,,,2009-12-23,1607.9034194139304,1597.3244137744337,1620.2788,1564.209065583252,1574.7880712227486,1610.8291,124.0,104.0,2010,DEN,ATL
419,-30.0,,,,,2009-12-23,1424.274380242664,1450.1718065746327,1446.1044,1500.4082974362263,1474.5108711042576,1459.0416,64.0,94.0,2010,DET,TOR
420,-4.0,,,,,2009-12-23,1579.9597319632028,1588.4360959826838,1583.5286,1578.5347301041938,1570.0583660847128,1580.2828,94.0,98.0,2010,SAS,POR
421,-13.0,,,,,2009-12-23,1423.828849356166,1430.9492632936742,1389.3278,1651.632440746179,1644.512026808671,1697.4485,104.0,117.0,2010,SAC,CLE
422,6.0,,,,,2009-12-23,1494.4648037893235,1489.8125862951802,1458.2117,1447.5021405043872,1452.1543579985305,1381.9327,108.0,102.0,2010,NOP,GSW
423,-9.0,,,,,2009-12-25,1569.0921911660278,1578.3693317877926,1656.983,1677.983125770595,1668.7059851488302,1684.3654,77.0,86.0,2010,ORL,BOS
424,-6.0,,,,,2009-12-25,1436.929276701317,1445.493743630522,1452.4309,1499.8684852070749,1491.3040182778698,1491.7429,87.0,93.0,2010,NYK,MIA
425,11.0,,,,,2009-12-25,1587.4984328635,1578.5347301041938,1589.1670000000001,1598.9397166546241,1607.9034194139304,1630.7466,107.0,96.0,2010,POR,DEN
426,-15.0,,,,,2009-12-25,1612.1369182862454,1628.1236877755512,1724.2312,1667.6192102354848,1651.632440746179,1702.3186,87.0,102.0,2010,LAL,CLE
427,31.0,,,,,2009-12-25,1510.0368441750502,1495.8864538548717,1555.9459,1454.511576399914,1468.6619667200926,1380.9807,124.0,93.0,2010,PHO,LAC
428,7.0,,,,,2009-12-26,1548.4452297792957,1543.8641033366125,1484.1389,1480.8802417108536,1485.4613681535368,1477.4579999999999,98.0,91.0,2010,OKC,CHO
429,21.0,,,,,2009-12-26,1583.9636381906994,1577.649588519571,1555.7898,1438.3148464647086,1444.628896135837,1395.8828,97.0,76.0,2010,UTA,PHI
430,5.0,,,,,2009-12-26,1454.0767675058917,1447.5021405043872,1378.3267,1503.4622171735457,1510.0368441750502,1562.2014,132.0,127.0,2010,GSW,PHO
431,-5.0,,,,,2009-12-26,1308.477238303598,1311.2985865574365,1302.6346,1606.171740662745,1603.3503924089064,1602.9331,93.0,98.0,2010,NJN,HOU
432,-9.0,,,,,2009-12-26,1417.5105535665539,1423.828849356166,1384.4576,1618.4552140758576,1612.1369182862454,1704.2827,103.0,112.0,2010,SAC,LAL
433,5.0,,,,,2009-12-26,1575.7408294983165,1572.6211109089104,1621.9585,1469.9095915913456,1473.0293101807517,1470.9467,106.0,101.0,2010,DAL,MEM
434,-12.0,,,,,2009-12-26,1431.7453273303402,1441.5970663750256,1409.7271,1574.0608046279374,1564.209065583252,1600.3613,98.0,110.0,2010,IND,ATL
435,-15.0,,,,,2009-12-26,1477.579863034378,1490.4492449216382,1450.9158,1592.829113850463,1579.9597319632028,1574.6444,97.0,112.0,2010,MIL,SAS
436,11.0,,,,,2009-12-26,1379.913536328622,1366.7480399136816,1429.1704,1481.299307374383,1494.4648037893235,1461.8177,96.0,85.0,2010,CHI,NOP
437,12.0,,,,,2009-12-26,1383.1618344335059,1370.677659592062,1302.4921,1456.2391954925897,1468.7233703340337,1414.0051,101.0,89.0,2010,MIN,WAS
438,25.0,,,,,2009-12-27,1677.9051869805667,1667.6192102354848,1722.2671,1595.885763917663,1606.171740662745,1605.8438,108.0,83.0,2010,CLE,HOU
439,-8.0,,,,,2009-12-27,1586.6097884668843,1598.9397166546241,1621.9792,1588.0707576860564,1575.7408294983165,1624.1947,96.0,104.0,2010,DEN,DAL
440,2.0,,,,,2009-12-27,1462.3576115598912,1454.511576399914,1374.7252,1670.1370906106179,1677.983125770595,1696.8286,92.0,90.0,2010,LAC,BOS
441,-7.0,,,,,2009-12-27,1430.6783335250498,1436.929276701317,1442.8982,1599.0800570267302,1592.829113850463,1586.9561,88.0,95.0,2010,NYK,SAS
442,34.0,,,,,2009-12-27,1512.3092021308832,1499.8684852070749,1501.2756,1419.3046104065318,1431.7453273303402,1401.6453,114.0,80.0,2010,MIA,IND
443,7.0,,,,,2009-12-27,1504.6063518140334,1500.4082974362263,1488.3126,1420.076325864857,1424.274380242664,1416.8334,102.0,95.0,2010,TOR,DET
444,-11.0,,,,,2009-12-28,1567.4177054390927,1587.4984328635,1597.9343,1458.395573889116,1438.3148464647086,1390.7477,93.0,104.0,2010,POR,PHI
445,15.0,,,,,2009-12-28,1518.8412234534762,1503.4622171735457,1552.8713,1603.076207795927,1618.4552140758576,1707.9258,118.0,103.0,2010,PHO,LAL
446,5.0,,,,,2009-12-28,1474.6441747790263,1469.9095915913456,1468.7104,1451.504612304909,1456.2391954925897,1401.8717,116.0,111.0,2010,MEM,WAS
447,5.0,,,,,2009-12-28,1427.191077567936,1417.5105535665539,1380.8146,1576.9292644655022,1586.6097884668843,1609.4281,106.0,101.0,2010,SAC,DEN
448,4.0,,,,,2009-12-28,1464.1284096822806,1454.0767675058917,1387.6567,1660.085448434229,1670.1370906106179,1687.6364,103.0,99.0,2010,GSW,BOS
449,10.0,,,,,2009-12-28,1488.1988117383985,1480.8802417108536,1472.0148,1470.261293006833,1477.579863034378,1438.6041,94.0,84.0,2010,CHO,MIL
450,-16.0,,,,,2009-12-28,1301.2343880344129,1308.477238303598,1299.724,1555.6880800484807,1548.4452297792957,1489.5822,89.0,105.0,2010,NJN,OKC
451,-17.0,,,,,2009-12-29,1401.9985734580966,1420.076325864857,1412.8165,1448.75608593181,1430.6783335250498,1435.7969,87.0,104.0,2010,DET,NYK
452,18.0,,,,,2009-12-29,1602.6855913509753,1599.0800570267302,1594.0574,1379.5563001092607,1383.1618344335059,1314.6255,117.0,99.0,2010,SAS,MIN
453,6.0,,,,,2009-12-29,1605.8680330014206,1603.076207795927,1691.6288,1461.336584476787,1464.1284096822806,1399.0964,124.0,118.0,2010,LAL,GSW
454,8.0,,,,,2009-12-29,1599.6114258234202,1595.885763917663,1598.5413,1477.573645468626,1481.299307374383,1453.3699,108.0,100.0,2010,HOU,NOP
455,-11.0,,,,,2009-12-29,1564.063718567181,1574.0608046279374,1608.4431,1687.902273041323,1677.9051869805667,1729.5696,84.0,95.0,2010,ATL,CLE
456,-12.0,,,,,2009-12-29,1440.9532995599807,1451.504612304909,1398.4346,1566.239392793409,1555.6880800484807,1499.3794,98.0,110.0,2010,WAS,OKC
457,9.0,,,,,2009-12-29,1388.1810875201652,1379.913536328622,1437.6183,1411.0370592149886,1419.3046104065318,1391.7014,104.0,95.0,2010,CHI,IND
458,18.0,,,,,2009-12-30,1537.9315659930878,1518.8412234534762,1569.1683,1640.9951058946174,1660.085448434229,1676.1967,116.0,98.0,2010,PHO,BOS
459,25.0,,,,,2009-12-30,1577.624340272926,1569.0921911660278,1644.5198,1461.7291438999348,1470.261293006833,1432.6608,117.0,92.0,2010,ORL,MIL
460,-11.0,,,,,2009-12-30,1399.5311308039409,1411.0370592149886,1386.4447,1486.150103190074,1474.6441747790263,1472.1476,110.0,121.0,2010,IND,MEM
461,5.0,,,,,2009-12-30,1690.6539682103496,1687.902273041323,1739.7404,1561.3120233981545,1564.063718567181,1598.2723,106.0,101.0,2010,CLE,ATL
462,-4.0,,,,,2009-12-30,1375.728637211272,1379.5563001092607,1312.2611,1587.7913010886882,1583.9636381906994,1560.9249,103.0,107.0,2010,MIN,UTA
463,4.0,,,,,2009-12-30,1508.8081374195785,1504.6063518140334,1492.3295,1483.9970261328533,1488.1988117383985,1477.9581,107.0,103.0,2010,TOR,CHO
464,4.0,,,,,2009-12-30,1570.1438331703152,1567.4177054390927,1572.9918,1459.6314838286687,1462.3576115598912,1383.9175,103.0,99.0,2010,POR,LAC
465,-10.0,,,,,2009-12-30,1415.1561457634346,1427.191077567936,1391.4373,1470.4305056936173,1458.395573889116,1415.6902,106.0,116.0,2010,SAC,PHI
466,4.0,,,,,2009-12-30,1482.8408628844427,1477.573645468626,1450.394,1507.0419847150665,1512.3092021308832,1511.2195,95.0,91.0,2010,NOP,MIA
467,9.0,,,,,2009-12-30,1313.6995814293318,1301.2343880344129,1289.9268,1436.290892536891,1448.75608593181,1454.8108,104.0,95.0,2010,NJN,NYK
468,1.0,,,,,2009-12-31,1569.4208428213444,1566.239392793409,1510.9752,1584.6098510607528,1587.7913010886882,1564.2961,87.0,86.0,2010,OKC,UTA
469,16.0,,,,,2009-12-31,1470.1892682746386,1459.6314838286687,1382.2819,1459.8727212476474,1470.4305056936173,1429.1082,104.0,88.0,2010,LAC,PHI
470,-11.0,,,,,2009-12-31,1387.4250311064407,1401.9985734580966,1393.8026,1402.7546298718212,1388.1810875201652,1442.875,87.0,98.0,2010,DET,CHI
471,30.0,,,,,2009-12-31,1612.5757035193953,1602.6855913509753,1596.4218,1497.1518725466465,1507.0419847150665,1505.7758,108.0,78.0,2010,SAS,MIA
472,3.0,,,,,2009-12-31,1603.4094637836988,1599.6114258234202,1601.5171,1584.2727197257777,1588.0707576860564,1636.7458,97.0,94.0,2010,HOU,DAL
473,-4.0,,,,,2010-01-01,1550.3413905646387,1561.3120233981545,1595.9202,1447.2615253704068,1436.290892536891,1442.6487,108.0,112.0,2010,ATL,NYK
474,1.0,,,,,2010-01-01,1606.9696350584197,1605.8680330014206,1692.7413,1414.0545437064354,1415.1561457634346,1378.0193,109.0,108.0,2010,LAL,SAC
475,-12.0,,,,,2010-01-01,1368.607914214224,1375.728637211272,1308.8899,1584.745063269974,1577.624340272926,1648.8907,94.0,106.0,2010,MIN,ORL
476,6.0,,,,,2010-01-02,1470.3289902849674,1461.7291438999348,1428.2898,1560.8209964363118,1569.4208428213444,1514.3513,103.0,97.0,2010,MIL,OKC
477,-10.0,,,,,2010-01-02,1571.1089984447067,1584.6098510607528,1560.92,1590.4301170815484,1576.9292644655022,1598.8054,95.0,105.0,2010,UTA,DEN
478,-8.0,,,,,2010-01-02,1407.6932083546988,1414.0545437064354,1377.5085,1590.6340550775144,1584.2727197257777,1632.4103,91.0,99.0,2010,SAC,DAL
479,-11.0,,,,,2010-01-02,1433.2832407907997,1440.9532995599807,1386.8387,1620.2457622885763,1612.5757035193953,1605.9158,86.0,97.0,2010,WAS,SAS
480,8.0,,,,,2010-01-02,1415.768801167295,1402.7546298718212,1456.0247,1571.7308919745003,1584.745063269974,1652.8103,101.0,93.0,2010,CHI,ORL
481,-10.0,,,,,2010-01-02,1483.442497030033,1497.1518725466465,1496.2817,1497.7064016494667,1483.9970261328533,1474.0052,97.0,107.0,2010,MIA,CHO
482,-25.0,,,,,2010-01-02,1509.870667789575,1537.9315659930878,1584.7948,1514.211001393587,1486.150103190074,1483.7445,103.0,128.0,2010,PHO,MEM
483,4.0,,,,,2010-01-02,1490.212102511635,1482.8408628844427,1455.8378,1596.0382241565064,1603.4094637836988,1605.8527,99.0,95.0,2010,NOP,HOU
484,-8.0,,,,,2010-01-02,1311.3582166979356,1313.6995814293318,1302.0889,1692.9953329417458,1690.6539682103496,1742.0925,86.0,94.0,2010,NJN,CLE
485,7.0,,,,,2010-01-02,1644.1432334998435,1640.9951058946174,1660.5702,1505.6600098143524,1508.8081374195785,1496.2823,103.0,96.0,2010,BOS,TOR
486,11.0,,,,,2010-01-02,1406.369707547954,1399.5311308039409,1374.8478,1361.7693374702108,1368.607914214224,1304.9703,122.0,111.0,2010,IND,MIN
487,16.0,,,,,2010-01-02,1576.0879399678,1570.1438331703152,1574.6274,1455.3924776793024,1461.336584476787,1397.9839,105.0,89.0,2010,POR,GSW
488,35.0,,,,,2010-01-03,1623.2373297316294,1606.9696350584197,1693.2521,1574.3663604043047,1590.6340550775144,1637.108,131.0,96.0,2010,LAL,DAL
489,5.0,,,,,2010-01-03,1513.6867473413802,1505.6600098143524,1493.7926,1612.2190247615486,1620.2457622885763,1612.6526,91.0,86.0,2010,TOR,SAS
490,-3.0,,,,,2010-01-03,1681.854730805068,1692.9953329417458,1743.8594,1508.8470037861446,1497.7064016494667,1489.3970000000002,88.0,91.0,2010,CLE,CHO
491,-3.0,,,,,2010-01-03,1580.6181771881231,1590.4301170815484,1611.6573,1469.6846611410726,1459.8727212476474,1417.671,105.0,108.0,2010,DEN,PHI
492,43.0,,,,,2010-01-03,1464.1582415010573,1447.2615253704068,1455.5168,1389.4729914173035,1406.369707547954,1380.1467,132.0,89.0,2010,NYK,IND
493,17.0,,,,,2010-01-04,1497.3685974355994,1483.442497030033,1480.89,1536.4152901590724,1550.3413905646387,1583.0520000000001,92.0,75.0,2010,MIA,ATL
494,-4.0,,,,,2010-01-04,1561.1701961477283,1571.1089984447067,1548.0681,1500.1509048086134,1490.212102511635,1463.3676,87.0,91.0,2010,UTA,NOP
495,10.0,,,,,2010-01-04,1481.654233889572,1470.1892682746386,1393.719,1564.6229743528665,1576.0879399678,1578.5189,105.0,95.0,2010,LAC,POR
496,-13.0,,,,,2010-01-04,1406.2601028646072,1415.768801167295,1468.5387,1570.3296947389995,1560.8209964363118,1507.0105,85.0,98.0,2010,CHI,OKC
497,-4.0,,,,,2010-01-05,1401.916423414381,1407.6932083546988,1372.8108,1515.6474527298928,1509.870667789575,1550.0293,109.0,113.0,2010,SAC,PHO
498,-4.0,,,,,2010-01-05,1555.3983973221123,1564.6229743528665,1564.7217,1523.4355784243412,1514.211001393587,1518.51,105.0,109.0,2010,POR,MEM
499,-22.0,,,,,2010-01-05,1298.5088291840248,1311.3582166979356,1300.322,1483.1783777988783,1470.3289902849674,1435.6306,76.0,98.0,2010,NJN,MIL
500,9.0,,,,,2010-01-05,1629.2658099454784,1623.2373297316294,1705.8416,1590.0097439426575,1596.0382241565064,1598.3229,88.0,79.0,2010,LAL,HOU
501,7.0,,,,,2010-01-05,1401.3005189802477,1389.4729914173035,1366.7872,1559.9033644115561,1571.7308919745003,1640.2963,97.0,90.0,2010,IND,ORL
502,5.0,,,,,2010-01-05,1511.857800317729,1508.8470037861446,1503.2087,1403.2493063330228,1406.2601028646072,1453.3929,113.0,108.0,2010,CHO,CHI
503,5.0,,,,,2010-01-05,1576.2856328306443,1574.3663604043047,1624.5186,1385.505758680101,1387.4250311064407,1380.6529999999998,98.0,93.0,2010,DAL,DET
504,1.0,,,,,2010-01-05,1582.1557770606569,1580.6181771881231,1599.3107,1453.8548778067686,1455.3924776793024,1394.0924,123.0,122.0,2010,DEN,GSW
505,-7.0,,,,,2010-01-05,1458.086702621574,1469.6846611410726,1430.0177,1444.8811993102984,1433.2832407907997,1380.1019,97.0,104.0,2010,PHI,WAS
506,-6.0,,,,,2010-01-06,1354.5915250740957,1361.7693374702108,1299.6714,1461.0326902028837,1453.8548778067686,1393.1362,101.0,107.0,2010,MIN,GSW
507,11.0,,,,,2010-01-06,1495.4776377633766,1481.654233889572,1407.5162,1615.4424060716738,1629.2658099454784,1709.7224,102.0,91.0,2010,LAC,LAL
508,23.0,,,,,2010-01-06,1571.819311396458,1561.1701961477283,1537.0361,1512.7864631756115,1523.4355784243412,1528.52,117.0,94.0,2010,UTA,MEM
509,-5.0,,,,,2010-01-06,1549.951199530247,1559.9033644115561,1626.0178,1523.6389122226892,1513.6867473413802,1501.3253,103.0,108.0,2010,ORL,TOR
510,8.0,,,,,2010-01-06,1524.3613024472734,1515.6474527298928,1554.6832,1581.295894225277,1590.0097439426575,1594.442,118.0,110.0,2010,PHO,HOU
511,30.0,,,,,2010-01-06,1540.893081040793,1536.4152901590724,1568.2878,1294.031038302304,1298.5088291840248,1285.0176,119.0,89.0,2010,ATL,NJN
512,-6.0,,,,,2010-01-06,1491.5277837662452,1497.3685974355994,1495.6542,1649.9840471691978,1644.1432334998435,1663.0599,106.0,112.0,2010,MIA,BOS
513,20.0,,,,,2010-01-06,1615.794196359901,1612.2190247615486,1605.1199,1381.9305870817486,1385.505758680101,1379.3131,112.0,92.0,2010,SAS,DET
514,23.0,,,,,2010-01-06,1685.57473669609,1681.854730805068,1730.0476,1441.1611934192763,1444.8811993102984,1393.5476,121.0,98.0,2010,CLE,WAS
515,-5.0,,,,,2010-01-06,1559.7654460312824,1570.3296947389995,1522.1563,1510.7151535163305,1500.1509048086134,1474.3995,92.0,97.0,2010,OKC,NOP
516,4.0,,,,,2010-01-07,1469.6081053606963,1464.1582415010573,1468.8763,1506.40793645809,1511.857800317729,1506.9395,97.0,93.0,2010,NYK,CHO
517,8.0,,,,,2010-01-08,1550.8397135318,1540.893081040793,1571.6074,1640.0374146781908,1649.9840471691978,1668.9911,93.0,85.0,2010,ATL,BOS
518,7.0,,,,,2010-01-08,1450.3674029478727,1441.1611934192763,1391.5396,1540.7449900016506,1549.951199530247,1612.5525,104.0,97.0,2010,WAS,ORL
519,-9.0,,,,,2010-01-08,1602.2654395955037,1615.794196359901,1608.5737,1589.8143895950416,1576.2856328306443,1625.8584,103.0,112.0,2010,SAS,DAL
520,9.0,,,,,2010-01-08,1564.2210951156449,1555.3983973221123,1554.7117,1606.6197082781412,1615.4424060716738,1689.701,107.0,98.0,2010,POR,LAL
521,-2.0,,,,,2010-01-08,1453.1709007388238,1458.086702621574,1416.5720000000001,1528.5547141054394,1523.6389122226892,1514.7906,106.0,108.0,2010,PHI,TOR
522,4.0,,,,,2010-01-08,1512.1760650916613,1510.7151535163305,1485.5835,1292.5701267269733,1294.031038302304,1281.698,103.0,99.0,2010,NOP,NJN
523,7.0,,,,,2010-01-08,1361.811316156162,1354.5915250740957,1291.7518,1394.0807278981813,1401.3005189802477,1381.0657,116.0,109.0,2010,MIN,IND
524,3.0,,,,,2010-01-08,1485.8610758936838,1483.1783777988783,1450.9351,1400.5666082382172,1403.2493063330228,1449.6622,96.0,93.0,2010,MIL,CHI
525,-4.0,,,,,2010-01-08,1515.7241295018707,1524.3613024472734,1561.8582,1500.1649567116478,1491.5277837662452,1489.723,105.0,109.0,2010,PHO,MIA
526,7.0,,,,,2010-01-08,1465.506610968014,1461.0326902028837,1401.0558,1397.4425026492506,1401.916423414381,1368.1569,108.0,101.0,2010,GSW,SAC
527,2.0,,,,,2010-01-08,1587.3392616105714,1582.1557770606569,1600.2668,1680.3912521461755,1685.57473669609,1732.0557,99.0,97.0,2010,DEN,CLE
528,2.0,,,,,2010-01-08,1517.1481355559074,1512.7864631756115,1516.925,1567.4576390161621,1571.819311396458,1548.6311,91.0,89.0,2010,MEM,UTA
529,2.0,,,,,2010-01-09,1404.399445186751,1397.4425026492506,1363.3273,1580.382319073071,1587.3392616105714,1605.6771,102.0,100.0,2010,SAC,DEN
530,32.0,,,,,2010-01-09,1557.560160026068,1540.7449900016506,1600.1189,1534.0245435073828,1550.8397135318,1580.5995,113.0,81.0,2010,ORL,ATL
531,2.0,,,,,2010-01-09,1509.9630982241558,1506.40793645809,1501.9767,1513.5929737898416,1517.1481355559074,1520.6174,89.0,87.0,2010,CHO,MEM
532,6.0,,,,,2010-01-09,1562.135032914113,1559.7654460312824,1510.9723,1391.7111410153507,1394.0807278981813,1372.9807,108.0,102.0,2010,OKC,IND
533,-10.0,,,,,2010-01-09,1371.5735827596973,1381.9305870817486,1375.8593,1463.5279050608751,1453.1709007388238,1411.7085,94.0,104.0,2010,DET,PHI
534,9.0,,,,,2010-01-09,1585.2695254856214,1581.295894225277,1587.2671,1465.6344741003518,1469.6081053606963,1473.8391,105.0,96.0,2010,HOU,NYK
535,-18.0,,,,,2010-01-09,1569.59097579909,1589.8143895950416,1638.7178,1587.6810528121136,1567.4576390161621,1544.9387,93.0,111.0,2010,DAL,UTA
536,14.0,,,,,2010-01-09,1408.1104329826933,1400.5666082382172,1445.9568,1354.267491411686,1361.811316156162,1299.8368,110.0,96.0,2010,CHI,MIN
537,12.0,,,,,2010-01-10,1603.835724957294,1602.2654395955037,1595.7144,1290.999841365183,1292.5701267269733,1280.1907,97.0,85.0,2010,SAS,NJN
538,-12.0,,,,,2010-01-10,1554.3291155349766,1564.2210951156449,1565.731,1690.2832317268437,1680.3912521461755,1726.6454,94.0,106.0,2010,POR,CLE
539,-7.0,,,,,2010-01-10,1521.2769958205063,1528.5547141054394,1519.6542,1647.315132963124,1640.0374146781908,1659.999,107.0,114.0,2010,TOR,BOS
540,10.0,,,,,2010-01-10,1502.9111180614043,1495.4776377633766,1427.5376,1492.7314764136202,1500.1649567116478,1500.4204,94.0,84.0,2010,LAC,MIA
541,18.0,,,,,2010-01-10,1612.5507202511087,1606.6197082781412,1678.6818,1479.9300639207163,1485.8610758936838,1454.6405,95.0,77.0,2010,LAL,MIL
542,-5.0,,,,,2010-01-10,1443.1177036223476,1450.3674029478727,1403.9731,1519.4257644171864,1512.1760650916613,1487.0908,110.0,115.0,2010,WAS,NOP
543,4.0,,,,,2010-01-11,1399.1700741317018,1391.7111410153507,1370.3483,1513.8180627041552,1521.2769958205063,1512.4465,105.0,101.0,2010,IND,TOR
544,-6.0,,,,,2010-01-11,1634.497871839674,1647.315132963124,1667.2067,1546.8418046308327,1534.0245435073828,1566.6058,96.0,102.0,2010,BOS,ATL
545,33.0,,,,,2010-01-11,1422.004848086506,1408.1104329826933,1450.1512,1357.6791676558846,1371.5735827596973,1362.9232,120.0,87.0,2010,CHI,DET
546,11.0,,,,,2010-01-11,1582.7938394770563,1580.382319073071,1598.1073,1351.8559710077006,1354.267491411686,1295.6423,105.0,94.0,2010,DEN,MIN
547,18.0,,,,,2010-01-11,1568.8569990189906,1562.135032914113,1513.6047,1458.9125079954742,1465.6344741003518,1470.0739999999998,106.0,88.0,2010,OKC,NYK
548,-3.0,,,,,2010-01-11,1462.4797209614321,1465.506610968014,1405.8854,1693.3101217334256,1690.2832317268437,1735.8153,114.0,117.0,2010,GSW,CLE
549,4.0,,,,,2010-01-11,1519.4859868945464,1515.7241295018707,1551.1608,1476.1682065280406,1479.9300639207163,1451.3970000000002,105.0,101.0,2010,PHO,MIL
550,29.0,,,,,2010-01-11,1597.1711302600906,1587.6810528121136,1572.0894,1483.2413989656432,1492.7314764136202,1491.0544,118.0,89.0,2010,UTA,MIA
551,4.0,,,,,2010-01-11,1469.1645110301856,1463.5279050608751,1424.6445,1513.789158447876,1519.4257644171864,1494.5709,96.0,92.0,2010,PHI,NOP
552,-21.0,,,,,2010-01-12,1391.921459057659,1404.399445186751,1370.8971,1570.0381461551601,1557.560160026068,1614.1125,88.0,109.0,2010,SAC,ORL
553,20.0,,,,,2010-01-12,1615.7806009842238,1603.835724957294,1597.1779,1600.6058442241788,1612.5507202511087,1681.9253,105.0,85.0,2010,SAS,LAL
554,-9.0,,,,,2010-01-12,1427.9663718051013,1443.1177036223476,1396.493,1372.8304994731309,1357.6791676558846,1352.5693,90.0,99.0,2010,WAS,DET
555,2.0,,,,,2010-01-12,1516.8225216019202,1513.5929737898416,1517.1241,1499.6815702493257,1502.9111180614043,1436.9036,104.0,102.0,2010,MEM,LAC
556,8.0,,,,,2010-01-12,1518.7094005335996,1509.9630982241558,1505.47,1576.5232231761777,1585.2695254856214,1591.0322,102.0,94.0,2010,CHO,HOU
557,-1.0,,,,,2010-01-13,1564.4855149318616,1568.8569990189906,1521.9232,1620.1520850713528,1615.7806009842238,1612.6506,108.0,109.0,2010,OKC,SAS
558,14.0,,,,,2010-01-13,1522.2521765722888,1513.789158447876,1488.9283,1491.2185521249128,1499.6815702493257,1434.6937,108.0,94.0,2010,NOP,LAC
559,12.0,,,,,2010-01-13,1559.9623733759765,1554.3291155349766,1556.5610000000001,1470.5349486870407,1476.1682065280406,1448.774,120.0,108.0,2010,POR,MIL
560,-13.0,,,,,2010-01-13,1448.102349120827,1462.4797209614321,1403.9,1497.6187708062482,1483.2413989656432,1481.3369,102.0,115.0,2010,GSW,MIA
561,-1.0,,,,,2010-01-13,1463.973900725212,1469.1645110301856,1430.2871,1464.103118300448,1458.9125079954742,1461.7555,92.0,93.0,2010,PHI,NYK
562,12.0,,,,,2010-01-13,1551.4179038129191,1546.8418046308327,1580.6134,1423.3902726230149,1427.9663718051013,1381.1797,94.0,82.0,2010,ATL,WAS
563,6.0,,,,,2010-01-13,1578.2306636912037,1576.5232231761777,1582.4293,1350.1485304926746,1351.8559710077006,1294.1473,120.0,114.0,2010,HOU,MIN
564,18.0,,,,,2010-01-13,1592.877751590988,1582.7938394770563,1599.6023,1559.9542340412283,1570.0381461551601,1623.3826,115.0,97.0,2010,DEN,ORL
565,8.0,,,,,2010-01-13,1409.5312219653742,1399.1700741317018,1377.6823,1509.124839060874,1519.4859868945464,1553.7837,122.0,114.0,2010,IND,PHO
566,-5.0,,,,,2010-01-13,1561.5881761906046,1569.59097579909,1611.5671,1608.6086438326643,1600.6058442241788,1666.4525,95.0,100.0,2010,DAL,LAL
567,-24.0,,,,,2010-01-13,1285.3758960941063,1290.999841365183,1278.7272,1640.1218171107507,1634.497871839674,1653.1991,87.0,111.0,2010,NJN,BOS
568,-13.0,,,,,2010-01-14,1615.1899779807102,1640.1218171107507,1658.415,1446.9366872165465,1422.004848086506,1460.5051,83.0,96.0,2010,BOS,CHI
569,1.0,,,,,2010-01-14,1601.3904195888808,1597.1711302600906,1581.8069,1689.0908324046354,1693.3101217334256,1737.8007,97.0,96.0,2010,UTA,CLE
570,1.0,,,,,2010-01-15,1553.7490559813782,1551.4179038129191,1583.4559,1506.7936868924148,1509.124839060874,1542.0314,102.0,101.0,2010,ATL,PHO
571,15.0,,,,,2010-01-15,1569.4061151427736,1559.9623733759765,1561.194,1550.5104922744313,1559.9542340412283,1612.1271,102.0,87.0,2010,POR,ORL
572,12.0,,,,,2010-01-15,1469.7808716114184,1463.973900725212,1425.1779999999999,1386.1144881714524,1391.921459057659,1361.6271,98.0,86.0,2010,PHI,SAC
573,-9.0,,,,,2010-01-15,1436.7383112362045,1448.102349120827,1390.6128,1481.8989865716633,1470.5349486870407,1444.1411,104.0,113.0,2010,GSW,MIL
574,40.0,,,,,2010-01-15,1619.3178854023236,1608.6086438326643,1674.6962,1480.5093105552535,1491.2185521249128,1428.0177,126.0,86.0,2010,LAL,LAC
575,1.0,,,,,2010-01-15,1564.4604115647721,1561.5881761906046,1603.3235,1561.613279557694,1564.4855149318616,1517.7424,99.0,98.0,2010,DAL,OKC
576,-8.0,,,,,2010-01-15,1454.371448268423,1464.103118300448,1466.8646,1523.5497327361802,1513.8180627041552,1505.1125,104.0,112.0,2010,NYK,TOR
577,16.0,,,,,2010-01-15,1533.6802936228817,1518.7094005335996,1514.0729,1605.1811919820707,1620.1520850713528,1616.8314,92.0,76.0,2010,CHO,SAS
578,-9.0,,,,,2010-01-15,1563.2498697183196,1578.2306636912037,1583.5697,1512.5995647791324,1497.6187708062482,1494.6241,106.0,115.0,2010,HOU,MIA
579,-16.0,,,,,2010-01-15,1273.779527453394,1285.3758960941063,1273.5112,1421.1275906060866,1409.5312219653742,1389.4346,105.0,121.0,2010,NJN,IND
580,25.0,,,,,2010-01-15,1522.6659522293046,1516.8225216019202,1519.3339999999998,1344.3050998652902,1350.1485304926746,1293.007,135.0,110.0,2010,MEM,MIN
581,6.0,,,,,2010-01-15,1382.5976745448256,1372.8304994731309,1367.8827,1512.485001500594,1522.2521765722888,1495.6044,110.0,104.0,2010,DET,NOP
582,2.0,,,,,2010-01-15,1449.980571586614,1446.9366872165465,1487.7711,1420.3463882529475,1423.3902726230149,1378.3372,121.0,119.0,2010,CHI,WAS
583,17.0,,,,,2010-01-16,1607.132256739395,1601.3904195888808,1586.7145,1476.1571494211491,1481.8989865716633,1455.595,112.0,95.0,2010,UTA,MIL
584,-1.0,,,,,2010-01-16,1478.1558012836738,1480.5093105552535,1422.955,1691.4443416762151,1689.0908324046354,1732.8931,101.0,102.0,2010,LAC,CLE
585,10.0,,,,,2010-01-16,1426.5648367885967,1420.3463882529475,1376.4294,1379.8960396358032,1386.1144881714524,1355.8523,96.0,86.0,2010,WAS,SAC
586,18.0,,,,,2010-01-16,1570.1190875114976,1561.613279557694,1515.9424,1504.093756825329,1512.5995647791324,1511.7777,98.0,80.0,2010,OKC,MIA
587,6.0,,,,,2010-01-16,1530.3278262267575,1522.6659522293046,1523.3646,1597.5193179846178,1605.1811919820707,1602.6299,92.0,86.0,2010,MEM,SAS
588,26.0,,,,,2010-01-16,1545.90996904296,1533.6802936228817,1528.2744,1494.5640114723365,1506.7936868924148,1539.8018,125.0,99.0,2010,CHO,PHO
589,-5.0,,,,,2010-01-16,1414.57830019573,1421.1275906060866,1402.6805,1519.0342919109507,1512.485001500594,1487.0667,96.0,101.0,2010,IND,NOP
590,4.0,,,,,2010-01-16,1388.605720022053,1382.5976745448256,1376.4204,1448.3634027911955,1454.371448268423,1455.6335,94.0,90.0,2010,DET,NYK
591,7.0,,,,,2010-01-17,1599.1640227461794,1592.877751590988,1610.8578,1600.8459855842036,1607.132256739395,1591.8839,119.0,112.0,2010,DEN,UTA
592,22.0,,,,,2010-01-17,1538.218005586022,1523.5497327361802,1516.3436,1549.7921387149304,1564.4604115647721,1605.1235,110.0,88.0,2010,TOR,DAL
593,6.0,,,,,2010-01-18,1623.2392608834157,1619.3178854023236,1679.7589,1546.5891167933391,1550.5104922744313,1600.9896,98.0,92.0,2010,LAL,ORL
594,7.0,,,,,2010-01-18,1535.3326178005445,1530.3278262267575,1530.5177,1489.5592198985494,1494.5640114723365,1525.9777,125.0,118.0,2010,MEM,PHO
595,8.0,,,,,2010-01-18,1453.1767126902882,1448.3634027911955,1449.7844,1383.7924101229603,1388.605720022053,1382.2695,99.0,91.0,2010,NYK,DET
596,-7.0,,,,,2010-01-18,1510.8439359577026,1519.0342919109507,1494.5131,1605.709673937866,1597.5193179846178,1595.4768,90.0,97.0,2010,NOP,SAS
597,5.0,,,,,2010-01-18,1352.4855897418063,1344.3050998652902,1288.9763,1461.6003817349024,1469.7808716114184,1430.9528,108.0,103.0,2010,MIN,PHI
